GHGRP ID,Latitude of Plume Origin,Longitude of Plume Origin,Plume Candidate ID (UTC time of detection),Instantaneous Emission Rate (kg/h),Instantaneous Emission Rate Uncertainty (kg/h)
1005717,29.935453,-90.262612,GAO20211026t174729p0000-B,10151.3356,5394.79912
1007607,34.5948,-117.26764,ang20160911t174834-C,60.88,16.41
1007607,34.59453,-117.26808,ang20160911t174834-D,103.04,60.62
1007607,34.59165,-117.26715,ang20160911t174834-E,53.87,144.39
1003679,34.33066,-118.51342,ang20160911t213902-A,217.95,53.32
1004548,36.39318,-119.3792,ang20160916t202433-H,76.09,17.36
1004487,34.139082,-84.037301,GAO20220423t150922p0000-A,,
1005717,29.933796,-90.262095,GAO20211026t175710p0000-B,5977.85257,2857.37264
1004743,34.4051,-118.99399,ang20160930t211208-B,660.23,345.59
1004743,34.40428,-118.99849,ang20160930t211208-C,108.41,38.6
1004743,34.40428,-118.99849,ang20160930t213004-C,750.47,201.41
1002634,34.483,-120.12418,ang20160930t221645-A,151.77,82.27
1002634,34.48393,-120.1254,ang20160930t221645-B,136.82,62.41
1004743,34.40412,-118.99844,ang20160930t223905-A,574.47,106.05
1004743,34.4051,-118.99399,ang20160930t223905-B,375.16,203.85
1004743,34.40428,-118.99849,ang20160930t223905-C,567.86,121.23
1004743,34.40295,-118.99603,ang20160930t223905-D,599.68,209.05
1002107,33.71713,-117.70805,ang20161001t184552-A,93.23,27.62
1002107,33.72204,-117.69723,ang20161001t184552-B,104.09,61.02
1002107,33.72164,-117.70116,ang20161001t184552-C,93.61,31.38
1002107,33.71807,-117.70325,ang20161001t184552-D,64.46,20.97
1002107,33.71852,-117.70146,ang20161001t184552-E,442.37,183.87
1002107,33.72204,-117.69723,ang20161001t185608-A,89.4,25.77
1002107,33.72194,-117.6985,ang20161001t185608-B,125.18,33.49
1007112,37.49839,-122.40765,ang20170620t223221-A,3789.08,1055.21
1002107,33.71744,-117.70415,ang20161001t185608-C,67.42,16.76
1002107,33.71852,-117.70146,ang20161001t185608-D,57.36,19.88
1006149,35.5082,-119.40716,ang20161001t205456-A,148.28,27.33
1006149,35.5082,-119.40716,ang20161001t205820-A,482.4,161.04
1003679,34.32713,-118.51601,ang20161003t200520-A,1664.05,687.78
1003679,34.32601,-118.513,ang20161003t200520-B,1436.69,623.11
1003679,34.32601,-118.513,ang20161003t201042-A,388.59,222.23
1003679,34.32431,-118.50854,ang20161003t201042-B,751.12,267.15
1004850,40.966173,-82.485064,GAO20220720t141304p0000-B,,
1003679,34.32431,-118.50854,ang20161003t213256-A,288.0,94.59
1004011,37.9982,-121.93398,ang20161005t182145-A,493.74,134.87
1004011,37.99701,-121.93665,ang20161005t182145-B,187.3,73.22
1002320,33.94041,-117.83159,ang20161006t180917-A,95.21,47.97
1002320,33.93933,-117.82961,ang20161006t180917-B,30.1,11.76
1004856,39.269967,-84.59002,GAO20220722t161649p0000-D,,
1002320,33.93995,-117.84145,ang20161006t180917-C,95.83,28.83
1003679,34.33456,-118.51968,ang20170619t005425-A,3068.69,954.72
1002320,33.94179,-117.83706,ang20161006t181839-B,43.32,12.17
1003679,34.32423,-118.51581,ang20170309t191857-C,1398.54,841.62
1003679,34.3251,-118.51006,ang20170309t191857-D,695.6,438.83
1003679,34.32838,-118.51719,ang20170309t231950-E,313.81,123.95
1004743,34.40586,-118.99502,ang20170615t210701-A,349.42,199.71
1004743,34.4051,-118.99399,ang20170615t210701-B,320.19,119.54
1003679,34.32685,-118.51491,ang20170615t211644-A,63.43,35.98
1003679,34.33021,-118.51764,ang20170615t211644-B,34.01,14.34
1007345,38.21164,-121.96851,ang20170617t192417-A,400.6,200.71
1007345,38.21375,-121.96784,ang20170617t192417-B,63.89,67.88
1007345,38.21582,-121.96289,ang20170617t192417-C,77.36,36.35
1004011,38.00399,-121.93472,ang20170617t194950-A,341.04,67.86
1004011,37.99735,-121.9358,ang20170617t194950-B,213.95,36.2
1004011,37.99706,-121.93347,ang20170617t194950-C,292.06,85.43
1007668,38.16858,-122.56649,ang20170617t200737-B,323.52,106.91
1007668,38.16911,-122.56563,ang20170617t200737-C,405.55,83.24
1007668,38.1637,-122.56246,ang20170617t200737-E,226.53,29.27
1007668,38.16244,-122.5625,ang20170617t200737-F,205.89,26.21
1007969,41.307469,-82.173535,GAO20220721t140940p0000-B,,
1007668,38.1682,-122.56634,ang20170617t200737-G,389.24,44.15
1007040,37.75935,-121.72819,ang20170618t182621-B,80.27,8.39
1007699,37.75285,-121.65606,ang20170618t182621-C,163.89,103.31
1007699,37.75287,-121.65538,ang20170618t182621-D,222.3,119.92
1007699,37.75307,-121.65464,ang20170618t182621-E,204.74,110.73
1007699,37.75178,-121.65484,ang20170618t182621-F,328.26,48.3
1007699,37.75684,-121.65607,ang20170618t182621-H,579.08,91.89
1007699,37.75598,-121.65379,ang20170618t182621-I,251.01,53.63
1007040,37.76158,-121.72831,ang20170618t182621-L,80.27,8.39
1007040,37.75884,-121.72513,ang20170618t182621-M,317.7,36.53
1007040,37.7593,-121.72867,ang20170618t182621-N,163.51,45.26
1007040,37.76098,-121.7258,ang20170618t182621-O,365.89,31.15
1007699,37.74877,-121.65478,ang20170618t183142-A,170.8,143.4
1007699,37.7524,-121.65544,ang20170618t183142-B,371.56,116.93
1007699,37.75304,-121.6482,ang20170618t183142-E,276.6,113.4
1007699,37.75306,-121.65043,ang20170618t183142-F,276.6,113.4
1007699,37.7492,-121.65015,ang20170618t183142-G,44.91,24.55
1007699,37.74851,-121.65313,ang20170618t183142-H,49.74,27.87
1007112,37.50365,-122.40859,ang20170618t184938-A,968.66,600.82
1007112,37.49839,-122.40765,ang20170618t184938-B,912.03,279.18
1007112,37.49966,-122.40931,ang20170618t184938-C,580.74,337.76
1007112,37.50139,-122.4114,ang20170618t184938-D,403.81,136.22
1007112,37.50273,-122.40931,ang20170618t184938-E,659.21,406.8
1007112,37.50338,-122.41046,ang20170618t184938-F,1012.26,444.22
1006179,37.45981,-121.9449,ang20170618t192841-B,103.23,55.18
1006179,37.46139,-121.94201,ang20170618t192841-C,550.82,318.14
1006179,37.45919,-121.94718,ang20170618t192841-D,118.27,35.99
1006179,37.45825,-121.94126,ang20170618t193403-A,528.6,220.42
1006179,37.46,-121.94618,ang20170618t193403-C,358.58,141.2
1006179,37.46037,-121.94291,ang20170618t193403-D,625.07,259.23
1006179,37.45825,-121.94126,ang20170618t193403-F,597.27,206.11
1006179,37.45972,-121.93707,ang20170618t193403-G,2176.02,972.42
1006179,37.45853,-121.93962,ang20170618t193403-H,398.15,205.86
1006179,37.46,-121.94618,ang20170618t194516-B,128.05,75.94
1006179,37.46037,-121.94291,ang20170618t194516-C,296.02,182.65
1006179,37.45825,-121.94126,ang20170618t194516-E,860.52,451.49
1006179,37.45972,-121.93707,ang20170618t194516-F,1866.84,767.22
1007817,37.18527,-121.66388,ang20170618t200113-A,195.69,111.24
7837,37.21585,-121.89715,ang20170618t200113-B,136.63,69.68
7837,37.21547,-121.89678,ang20170618t200113-C,103.24,60.11
1007817,37.18544,-121.66704,ang20170618t200113-D,44.14,24.25
1007817,37.18608,-121.66806,ang20170618t200113-E,39.9,20.72
7837,37.21585,-121.89715,ang20170618t201101-A,94.49,68.02
7837,37.21408,-121.89743,ang20170618t201101-B,137.63,79.39
1007817,37.18486,-121.66479,ang20170618t201101-C,20.27,12.79
7837,37.21519,-121.89685,ang20170618t201101-D,129.29,85.15
1007817,37.18588,-121.66807,ang20170618t201101-E,65.6,32.85
1007817,37.18599,-121.66931,ang20170618t201101-F,63.96,32.25
1003679,34.32772,-118.51603,ang20170619t004939-A,665.56,189.31
1003679,34.32641,-118.51786,ang20170619t004939-B,128.65,35.87
1004011,37.99735,-121.9358,ang20170620t192202-A,70.33,17.71
1007040,37.76141,-121.72652,ang20170620t193453-A,105.12,33.31
1007040,37.76197,-121.73036,ang20170620t193453-B,122.02,38.1
1007040,37.76273,-121.72708,ang20170620t193453-C,73.33,25.3
1007040,37.76123,-121.72627,ang20170620t194520-F,183.36,63.08
1007699,37.75598,-121.65379,ang20170620t194520-L,324.15,132.69
1007699,37.75462,-121.65456,ang20170620t194520-N,102.92,36.92
1007699,37.75517,-121.65536,ang20170620t194520-O,98.32,45.95
1007668,38.1682,-122.56634,ang20170620t221828-A,240.53,187.34
1007668,38.16911,-122.56563,ang20170620t221828-B,76.39,60.45
1007668,38.16658,-122.5629,ang20170620t221828-C,122.98,56.96
1007668,38.1637,-122.56246,ang20170620t221828-D,287.1,82.66
1007668,38.16666,-122.56473,ang20170620t221828-F,365.03,194.89
1007668,38.16753,-122.56821,ang20170620t221828-G,566.63,193.43
1007668,38.16875,-122.56808,ang20170620t221828-H,375.91,188.82
1007112,37.49966,-122.40931,ang20170620t223221-B,1620.67,826.75
1007112,37.50064,-122.41188,ang20170620t223221-C,1662.13,809.17
1007112,37.50365,-122.40859,ang20170620t223221-D,455.38,97.6
1007112,37.50273,-122.40931,ang20170620t223221-E,702.69,203.79
1007112,37.50338,-122.41046,ang20170620t223221-F,418.02,89.59
1006179,37.45627,-121.94648,ang20170620t225336-A,290.17,50.86
1006777,40.429131,-80.918905,GAO20220722t144241p0000-A,,
1006179,37.45825,-121.94126,ang20170620t225336-D,747.09,266.52
1006179,37.45748,-121.94358,ang20170620t225336-E,382.11,56.28
1006179,37.45917,-121.95086,ang20170620t225947-A,155.02,26.79
1006179,37.46137,-121.94492,ang20170620t225947-B,395.63,107.12
1006179,37.45666,-121.94701,ang20170620t225947-C,177.47,42.15
1003679,34.33481,-118.51938,ang20170828t205257-A,1005.44,455.06
1003679,34.32684,-118.51843,ang20170828t205733-A,353.46,141.38
1003679,34.3282,-118.51592,ang20170828t205733-D,100.86,49.35
1003679,34.33019,-118.51913,ang20170828t205733-E,1058.23,398.68
1006899,29.831582,-95.233986,ang20220610t194646-C,,
1003679,34.32666,-118.51772,ang20170828t210241-A,604.44,199.09
1003679,34.32413,-118.50989,ang20170828t210241-B,70.94,23.24
1010207,34.08666,-117.22064,ang20170830t183447-A,86.2,24.48
1006899,29.829397,-95.234296,ang20220610t194646-D,,
1010207,34.0869,-117.2193,ang20170830t183447-B,27.06,9.28
1003679,34.32671,-118.5177,ang20170901t183704-A,547.57,344.57
1003679,34.32627,-118.51535,ang20170901t183704-B,161.92,85.94
1003679,34.32796,-118.51577,ang20170901t183704-C,41.91,24.34
1003679,34.32669,-118.5177,ang20170901t184141-A,517.66,327.95
1003679,34.32548,-118.51548,ang20170901t184141-C,37.15,24.45
1002104,33.61332,-117.82259,ang20170901t221701-A,827.14,529.77
1002992,34.43851,-118.64484,ang20170907t184149-A,595.87,222.67
1002992,34.43222,-118.64848,ang20170907t184149-B,34.8,8.4
1002992,34.43551,-118.64621,ang20170907t184149-D,97.69,31.82
1007951,34.24308,-118.38114,ang20170907t215503-A,596.66,241.79
1007951,34.26071,-118.40621,ang20170907t215503-D,191.14,32.36
1004011,37.9982,-121.93398,ang20170910t194022-A,180.38,79.83
1002896,35.34825,-118.76406,ang20170913t214139-A,152.16,30.76
1007801,35.5054815,-97.418973,GAO20220616t170133p0000-C,,
1002896,35.3487,-118.76583,ang20170913t214139-B,175.45,42.49
1002896,35.35098,-118.76556,ang20170913t214139-C,90.93,27.89
1003679,34.33452,-118.51968,ang20170918t202106-A,333.01,105.83
1003679,34.3301,-118.5175,ang20170918t202106-C,120.61,62.23
1003679,34.33232,-118.5156,ang20170918t202601-B,181.05,63.01
1003646,29.424804,-95.191671,ang20220610t201320-B,,
1003679,34.33492,-118.51957,ang20170918t213156-A,961.24,285.32
1003679,34.32683,-118.51761,ang20170918t213632-A,451.09,126.91
1003679,34.32996,-118.51955,ang20170918t213632-B,422.54,132.7
1003679,34.32811,-118.51878,ang20170918t213632-C,318.64,88.77
1005717,29.931314,-90.253604,GAO20211026t175710p0000-A,1365.9212,360.058917
1003679,34.33014,-118.51749,ang20170918t213632-D,328.6,97.81
1004743,34.40586,-118.99502,ang20170918t215815-A,412.46,214.81
1005717,29.9302007,-90.264949,ang20220615t170720-B,,
1004548,36.39318,-119.3792,ang20170919t194958-A,236.05,76.66
1004548,36.38764,-119.38043,ang20170919t194958-B,214.9,13.41
1004548,36.39455,-119.38082,ang20170919t194958-C,129.6,17.54
1004548,36.39359,-119.38,ang20170919t194958-D,223.67,57.71
1004548,36.39169,-119.37858,ang20170919t194958-E,48.89,10.27
1007794,35.95966,-120.01445,ang20170920t204106-A,135.99,52.89
1007794,35.96008,-120.01522,ang20170920t204106-B,137.45,52.57
1007794,35.96285,-120.01625,ang20170920t204106-C,116.35,41.67
1003679,34.3267,-118.51717,ang20170922t180434-A,62.68,37.11
1003679,34.32794,-118.52037,ang20170922t212618-A,61.34,32.03
1005493,30.602086,-91.233137,ang20220614t174029-B,,
1003679,34.32685,-118.52037,ang20170922t212618-C,50.89,40.04
1008057,32.7317,-117.06889,ang20170925t212203-B,124.21,40.32
1008057,32.73386,-117.06567,ang20170925t212203-C,478.1,62.71
1007558,32.85223,-117.16319,ang20170925t214642-A,547.53,117.24
1007558,32.85246,-117.16606,ang20170925t214642-B,252.76,41.98
1003679,34.3267891,-118.51538,ang20200825t213837-1,,
1007558,32.85303,-117.16755,ang20170925t214642-C,110.36,29.9
1007558,32.85186,-117.16952,ang20170925t214642-D,46.16,19.28
1007558,32.85079,-117.16609,ang20170925t214642-E,170.22,21.48
1004010,37.87881,-121.18931,ang20170930t214843-C,675.93,317.67
1004010,37.87782,-121.18673,ang20170930t214843-D,2594.86,1184.41
1004010,37.87961,-121.18722,ang20170930t214843-E,1324.68,832.16
1004010,37.87782,-121.18673,ang20171003t222158-A,1377.05,408.8
1004010,37.87881,-121.18931,ang20171003t223216-A,1363.29,783.4
1004010,37.8791,-121.18823,ang20171003t223216-B,1626.04,339.38
1004399,40.497751,-81.518096,ang20220630t200716-B,,
1004010,37.88025,-121.18661,ang20171003t223216-C,285.45,123.6
1004010,37.87729,-121.18978,ang20171003t223216-D,1084.46,487.35
1007699,37.75436,-121.6572,ang20171003t224906-A,76.87,34.88
1007699,37.75359,-121.65752,ang20171003t224906-B,150.45,47.96
1007699,37.75567,-121.65272,ang20171003t224906-C,219.17,46.37
1007699,37.75645,-121.65736,ang20171003t224906-D,666.95,346.08
1007699,37.75375,-121.65547,ang20171003t224906-G,219.17,46.37
1007112,37.502709,-122.410825,ang20180920t204112-C,1093.47612,485.6515
1007699,37.7524,-121.65544,ang20171003t224906-H,219.17,46.37
1007699,37.74821,-121.65916,ang20171003t224906-I,154.23,24.21
1006179,37.45836,-121.93914,ang20171005t185616-A,1137.5,691.02
1005493,30.6044664,-91.236189,GAO20220506t164919p0000-A,,
1006179,37.45825,-121.94126,ang20171005t185616-B,336.25,152.49
1006179,37.45932,-121.94299,ang20171005t185616-C,141.86,89.4
1006179,37.45839,-121.9471,ang20171005t185616-D,101.93,33.44
1006179,37.457,-121.93846,ang20171005t185616-E,318.22,306.52
1006179,37.4585,-121.94135,ang20171005t190757-A,496.59,208.61
1006179,37.458245,-121.941261,ang20181005t192929-C,1047.55907,265.07619
1006179,37.45795,-121.9415,ang20171005t190757-B,291.43,66.0
1004399,40.495638,-81.51961,ang20220630t165936-A,,
1006179,37.45984,-121.94143,ang20171005t190757-C,675.7,236.83
1006179,37.45856,-121.94696,ang20171005t190757-D,32.7,9.9
1006179,37.45825,-121.94126,ang20171005t192014-A,524.97,164.13
1006179,37.45932,-121.94299,ang20171005t192014-B,200.2,82.99
1006179,37.45839,-121.9471,ang20171005t192014-C,127.65,27.61
1003582,42.260033,-83.431929,ang20220630t152222-B,,
1006179,37.45825,-121.94126,ang20171005t192606-A,1088.17,476.13
1006179,37.45932,-121.94299,ang20171005t192606-B,570.81,434.23
1006179,37.45839,-121.9471,ang20171005t192606-C,604.92,371.84
1007345,38.21582,-121.96289,ang20171005t202112-B,36.8,17.19
1007345,38.21247,-121.97178,ang20171005t202112-C,41.63,15.8
1007345,38.21122,-121.97195,ang20171005t202112-D,120.62,45.62
1007345,38.21011,-121.97281,ang20171005t202112-E,193.06,108.58
1007345,38.20915,-121.97148,ang20171005t202112-F,455.36,165.03
1007668,38.16653,-122.56435,ang20171005t203234-A,45.97,14.61
1007668,38.16911,-122.56563,ang20171005t203234-B,42.02,14.79
1007668,38.16658,-122.5629,ang20171005t203234-C,56.26,19.76
1007668,38.1637,-122.56246,ang20171005t203234-D,133.81,45.13
1006777,40.4294078,-80.917967,ang20220630t174018-B,,
1007668,38.16244,-122.5625,ang20171005t203234-E,146.17,56.0
1007668,38.16666,-122.56473,ang20171005t203234-F,34.56,12.25
1007668,38.1682,-122.56634,ang20171005t203726-A,21.15,10.6
1007668,38.1656,-122.56708,ang20171005t203726-B,34.1,11.9
1007668,38.1637,-122.56246,ang20171005t203726-D,39.11,18.16
1003102,40.997958,-80.534188,ang20220630t194620-A,,
1007668,38.16244,-122.5625,ang20171005t203726-E,42.08,19.7
1007668,38.16496,-122.56731,ang20171005t203726-F,30.56,12.63
1007668,38.16753,-122.56821,ang20171005t203726-G,35.03,21.85
1007668,38.16875,-122.56808,ang20171005t203726-H,12.49,4.96
1004037,38.51825,-121.18505,ang20171005t211722-A,116.46,25.91
1004037,38.51656,-121.18354,ang20171005t211722-B,220.41,90.48
1004037,38.51989,-121.1903,ang20171005t211722-C,100.41,33.4
1004037,38.51901,-121.18775,ang20171005t211722-D,105.8,14.31
1004037,38.5214,-121.18779,ang20171005t211722-E,46.8,24.08
1004037,38.51783,-121.18762,ang20171005t212155-A,96.35,40.79
1004037,38.51825,-121.18505,ang20171005t212155-B,303.62,188.59
1004037,38.51656,-121.18354,ang20171005t212155-C,1058.29,309.07
1004037,38.51713,-121.18649,ang20171005t212155-D,220.81,41.55
1004037,38.51901,-121.18775,ang20171005t212155-E,96.35,40.79
1004037,38.5214,-121.18779,ang20171005t212155-F,135.66,22.87
1004011,37.99706,-121.93347,ang20171006t173826-A,147.07,78.8
1004011,37.99735,-121.9358,ang20171006t173826-B,27.25,10.67
1004011,38.00399,-121.93472,ang20171006t173826-C,141.28,78.32
1004011,38.00399,-121.93472,ang20171006t174304-A,112.95,54.06
1004011,37.99278,-121.93877,ang20171006t174304-B,154.22,72.49
1004011,37.99735,-121.9358,ang20171006t174304-C,235.9,120.98
1004011,38.00399,-121.93472,ang20171006t174757-A,95.19,58.73
1004011,37.99735,-121.9358,ang20171006t174757-B,214.46,99.75
1004011,38.00399,-121.93472,ang20171006t175330-A,97.23,51.15
1004011,37.99735,-121.9358,ang20171006t175330-B,138.69,63.38
1004011,38.00399,-121.93472,ang20171006t175832-A,60.37,31.04
1004011,37.99735,-121.9358,ang20171006t175832-B,212.51,88.61
1004011,38.00399,-121.93472,ang20171006t180357-A,186.63,87.72
1004011,37.99735,-121.9358,ang20171006t180357-B,158.52,79.45
1007345,38.20819,-121.97159,ang20171006t181027-B,317.75,100.4
1007345,38.21011,-121.97281,ang20171006t181027-E,71.64,46.35
1007345,38.20915,-121.97148,ang20171006t181027-F,318.64,72.25
1007345,38.2091,-121.97447,ang20171006t181027-G,104.6,23.36
1007345,38.20894,-121.97594,ang20171006t181027-H,684.13,154.64
1007345,38.2088,-121.98082,ang20171006t181027-I,276.02,75.1
1007345,38.20819,-121.97159,ang20171006t181633-B,220.46,45.81
1007345,38.21011,-121.97281,ang20171006t181633-E,47.07,28.3
1007345,38.20915,-121.97148,ang20171006t181633-F,232.52,47.71
1007345,38.2091,-121.97447,ang20171006t181633-G,156.27,43.94
1007345,38.20819,-121.97159,ang20171006t182247-B,76.62,9.95
1007345,38.20915,-121.97148,ang20171006t182247-F,248.87,75.95
1007345,38.2091,-121.97447,ang20171006t182247-G,550.62,189.06
1007345,38.20894,-121.97594,ang20171006t182247-H,872.17,296.24
1007801,35.505609,-97.418842,GAO20220616t165635p0000-A,,
1007345,38.20915,-121.97148,ang20171006t182928-E,216.68,72.95
1007345,38.2091,-121.97447,ang20171006t182928-F,272.74,166.83
1007345,38.20894,-121.97594,ang20171006t182928-G,710.64,208.28
1007345,38.20891,-121.97733,ang20171006t182928-H,704.56,251.86
1007040,37.75884,-121.72513,ang20171006t184157-A,125.86,60.18
1007040,37.75914,-121.72799,ang20171006t184157-B,156.2,59.91
1007040,37.75932,-121.72378,ang20171006t184157-C,121.66,22.67
1007040,37.76176,-121.72824,ang20171006t184157-D,156.2,59.91
1007699,37.75517,-121.65536,ang20171006t184157-G,29.11,18.78
1007699,37.75462,-121.65456,ang20171006t184157-H,31.67,22.8
1007699,37.75703,-121.65263,ang20171006t184157-I,68.57,17.58
1007699,37.75744,-121.64973,ang20171006t184157-J,126.88,25.63
1007699,37.75704,-121.64866,ang20171006t184157-K,105.22,20.64
1007699,37.75448,-121.65651,ang20171006t184157-M,38.7,29.41
1007699,37.75436,-121.6572,ang20171006t184157-N,91.53,36.25
1007699,37.75645,-121.65736,ang20171006t184157-O,131.11,22.97
1007699,37.75645,-121.65736,ang20171006t184753-B,95.03,21.96
1007699,37.75668,-121.65688,ang20171006t184753-C,95.03,21.96
1007699,37.75556,-121.65523,ang20171006t184753-D,105.64,35.9
1007693,33.7954282,-117.46407,ang20200906t201706-1,651.286207,335.310848
1007699,37.75395,-121.65477,ang20171006t184753-E,15.5,7.32
1010392,33.175128,-84.845931,GAO20220427t163724p0000-B,647.7669,291.313879
1007699,37.75307,-121.65464,ang20171006t184753-G,29.2,15.92
1007693,33.795464,-117.46397,ang20200906t201706-A,635.916581,327.31297
1007040,37.75884,-121.72513,ang20171006t185335-A,619.58,132.47
1007040,37.75932,-121.72378,ang20171006t185335-C,619.58,132.47
1007040,37.75845,-121.72578,ang20171006t185335-F,619.58,132.47
1007699,37.75474,-121.65009,ang20171006t185335-M,44.02,18.13
1007699,37.75645,-121.65736,ang20171006t185335-S,171.49,116.23
1007699,37.75744,-121.64973,ang20171006t185335-T,176.67,38.79
1007699,37.75645,-121.65736,ang20171006t185859-A,57.59,15.12
1007699,37.75668,-121.65688,ang20171006t185859-B,57.59,15.12
1002107,33.7155468,-117.69852,ang20200919t221056-1,623.555378,149.115929
1007699,37.75556,-121.65523,ang20171006t185859-C,137.8,71.76
1007699,37.75285,-121.65606,ang20171006t185859-D,303.01,222.1
1007699,37.75408,-121.65636,ang20171006t185859-E,110.19,20.7
1007699,37.75436,-121.6572,ang20171006t185859-F,196.62,36.29
1007699,37.75304,-121.6482,ang20171006t185859-H,712.31,379.74
1007699,37.75696,-121.65262,ang20171006t185859-I,137.8,71.76
1007699,37.75744,-121.64973,ang20171006t185859-J,634.77,339.42
1007699,37.75704,-121.64866,ang20171006t185859-K,634.77,339.42
1007699,37.75448,-121.65651,ang20171006t185859-L,303.8,221.83
1007699,37.75252,-121.65626,ang20171006t185859-M,303.01,222.1
1007699,37.75344,-121.65533,ang20171006t185859-N,336.93,69.82
1007040,37.75845,-121.72578,ang20171006t190448-A,47.86,26.24
1007040,37.75914,-121.72799,ang20171006t190448-B,112.37,41.08
1007040,37.75932,-121.72378,ang20171006t190448-C,129.06,27.13
1007040,37.76174,-121.72847,ang20171006t190448-D,112.37,41.08
1007699,37.75696,-121.65262,ang20171006t190448-F,72.88,32.6
1007699,37.75744,-121.64973,ang20171006t190448-G,144.57,55.72
1007699,37.75704,-121.64866,ang20171006t190448-H,82.83,11.67
1007699,37.75448,-121.65651,ang20171006t190448-J,48.02,22.52
1007699,37.75645,-121.65736,ang20171006t190448-K,104.41,20.63
1007699,37.75556,-121.65523,ang20171006t190448-L,86.61,12.7
1007699,37.75448,-121.65651,ang20171006t191011-A,100.25,31.78
1007699,37.75645,-121.65736,ang20171006t191011-B,80.16,26.92
1007699,37.75668,-121.65688,ang20171006t191011-C,80.16,26.92
1007699,37.75556,-121.65523,ang20171006t191011-D,58.15,32.65
1007699,37.75285,-121.65606,ang20171006t191011-E,100.25,31.78
1007699,37.75408,-121.65636,ang20171006t191011-F,100.25,31.78
1007699,37.75286,-121.65666,ang20171006t191011-H,100.25,31.78
1007699,37.75252,-121.65626,ang20171006t191011-K,100.25,31.78
1007699,37.75344,-121.65533,ang20171006t191011-L,128.45,46.6
1007699,37.75696,-121.65262,ang20171006t191011-N,58.15,32.65
1006179,37.45825,-121.94126,ang20171006t213502-A,776.94,274.91
1006179,37.45932,-121.94299,ang20171006t213502-B,167.18,112.28
1006179,37.45775,-121.94499,ang20171006t213502-C,142.02,58.08
1006179,37.45946,-121.94697,ang20171006t213502-D,114.26,27.92
1007112,37.50221,-122.41101,ang20171006t215434-A,474.09,163.16
1007112,37.49839,-122.40765,ang20171006t215434-B,1160.15,479.59
1007112,37.50288,-122.41189,ang20171006t215434-C,428.82,162.62
1007112,37.50297,-122.41365,ang20171006t215434-D,489.7,167.34
1007112,37.50113,-122.41389,ang20171006t215434-E,622.9,208.01
1007112,37.50338,-122.41046,ang20171006t215434-F,302.4,121.94
1002992,34.436572,-118.65117,ang20200906t191856-A,558.449412,95.8415274
1007112,37.49872,-122.41238,ang20171006t215434-G,431.39,250.42
1004550,36.70866,-121.76039,ang20171007t202134-A,66.34,23.27
1004550,36.71062,-121.76147,ang20171007t202134-B,471.35,141.61
1004550,36.71008,-121.75877,ang20171007t202134-C,165.06,103.36
1004550,36.70782,-121.75644,ang20171007t202134-E,97.42,37.0
1004550,36.70872,-121.75691,ang20171007t202134-F,120.52,54.74
1003679,34.32744,-118.5161,ang20200825t212944-A,549.85576,278.472402
1007128,36.52979,-121.40542,ang20171007t204208-A,57.28,24.23
1007128,36.52982,-121.40446,ang20171007t204208-B,98.15,34.31
1004743,34.405123,-118.99454,ang20200906t190951-A,546.258455,271.343932
1007128,36.53149,-121.40607,ang20171007t204208-C,51.85,17.41
1003679,34.33017,-118.51747,ang20171010t180512-A,295.23,169.06
1003679,34.32817,-118.52012,ang20171010t181011-A,177.05,106.26
1004743,34.4051074,-118.99514,ang20200804t213955-1,526.464561,131.664077
1003679,34.32656,-118.51716,ang20171010t181502-A,148.26,92.22
1003679,34.32666,-118.51714,ang20171010t181502-B,145.05,84.54
1003679,34.3281,-118.52022,ang20171010t190508-A,94.89,66.94
1003679,34.335147,-118.5191,ang20200708t192518-1,523.833438,165.54082
1003679,34.33456,-118.51933,ang20171010t191001-A,99.22,41.65
1003679,34.32562,-118.51385,ang20171010t191001-B,33.63,13.81
1003679,34.32857,-118.51114,ang20171010t191001-D,30.96,15.03
1006149,35.5082,-119.40716,ang20171010t204606-A,273.53,161.09
1006149,35.50856,-119.41064,ang20171010t204606-B,113.03,19.33
1007710,34.56867,-118.15364,ang20171012t174516-A,128.11,33.33
1002107,33.71585,-117.69817,ang20200830t202837-A,504.601568,116.242813
1004743,34.406694,-118.99218,ang20200720t200228-A,503.495407,193.105624
1003679,34.33468,-118.51928,ang20171016t175348-A,592.53,223.56
1003679,34.32547,-118.51546,ang20171016t175348-B,344.26,153.03
1004743,34.4066221,-118.99215,ang20200720t200228-1,495.053921,180.7962
1003679,34.32438,-118.50898,ang20171016t175348-C,577.83,221.04
1003679,34.32676,-118.51727,ang20171016t175805-A,63.23,19.8
1003679,34.32561,-118.51389,ang20171016t175805-B,87.77,26.97
1003679,34.32545,-118.51523,ang20171016t180222-A,118.12,20.75
1003679,34.33462,-118.51933,ang20171016t180222-B,334.04,82.69
1003679,34.3281,-118.52027,ang20171016t180708-B,91.38,22.48
1003679,34.32556,-118.51374,ang20171016t184829-A,146.46,29.04
1003679,34.33479,-118.51942,ang20171016t184829-B,558.53,202.76
1003679,34.32812,-118.51593,ang20171016t185239-A,144.66,71.22
1003679,34.32815,-118.5201,ang20171016t185239-B,194.69,49.14
1003679,34.33012,-118.51746,ang20171016t185239-C,70.19,26.6
1003679,34.33042,-118.51734,ang20171016t185727-A,452.87,196.61
1003679,34.32558,-118.51372,ang20171016t185727-B,158.46,35.16
1003679,34.32815,-118.52012,ang20171016t190200-A,270.62,89.65
1003679,34.32753,-118.51468,ang20171016t190200-B,50.81,14.4
1003679,34.33014,-118.51748,ang20171016t190200-C,52.6,15.45
1003679,34.32814,-118.51593,ang20171016t190200-D,88.95,35.76
1003679,34.33488,-118.51937,ang20171016t192933-A,362.26,132.81
1003679,34.32546,-118.51527,ang20171016t192933-B,245.35,73.42
1003679,34.32887,-118.51957,ang20171016t192933-C,192.49,40.6
1003679,34.32685,-118.51728,ang20171016t192933-D,159.52,61.13
1002107,33.718021,-117.70011,ang20200720t204136-A,465.768993,112.445328
1003679,34.32811,-118.52008,ang20171016t193422-A,815.08,305.06
1003679,34.32565,-118.51557,ang20171016t193422-C,44.41,13.68
1003679,34.33473,-118.51933,ang20171016t193822-A,443.7,190.56
1003679,34.32999,-118.51761,ang20171016t193822-B,120.39,30.03
1007693,33.7954683,-117.46394,ang20200906t201220-A,455.770285,234.76959
1003679,34.3253,-118.51572,ang20171016t193822-C,333.76,84.22
1003679,34.32689,-118.5174,ang20171016t193822-D,136.88,59.68
1003679,34.32814,-118.52012,ang20171016t194329-A,431.87,164.14
1003679,34.32645,-118.51128,ang20171016t194329-B,447.05,141.23
1003679,34.32546,-118.51523,ang20171016t194751-A,196.11,56.56
1007693,33.793339,-117.46271,ang20200919t220130-A,448.059334,184.458666
1003679,34.32812,-118.52013,ang20171016t195222-A,229.92,96.79
1003679,34.32716,-118.516,ang20171016t195222-B,347.22,115.58
1003679,34.32583,-118.51548,ang20171016t195636-A,148.5,62.77
1003679,34.33479,-118.51937,ang20171016t195636-B,563.76,229.4
1003679,34.32815,-118.52012,ang20171016t200053-A,109.37,36.02
1003679,34.32711,-118.51602,ang20171016t200053-B,122.89,59.76
1004743,34.40609,-118.99515,ang20171016t201123-A,1443.44,822.1
1004743,34.40404,-118.99511,ang20171016t201123-B,89.38,81.57
1004743,34.4051,-118.99399,ang20171016t201557-A,274.64,143.17
1004743,34.40761,-118.99769,ang20171016t201557-B,405.33,224.71
1004743,34.40539,-118.99576,ang20171016t201557-C,232.89,119.75
1004743,34.4052493,-118.99427,ang20200830t192756-1,434.083446,169.95939
1004743,34.40381,-118.99601,ang20171016t201557-E,95.02,52.87
1004743,34.40608,-118.99181,ang20171016t202039-A,287.78,252.03
1004743,34.40352,-118.99697,ang20171016t202039-B,180.5,102.82
1004743,34.40352,-118.99697,ang20171016t202454-A,203.63,152.83
1004743,34.40608,-118.99181,ang20171016t202454-B,1257.38,800.08
1004743,34.4036,-118.9962,ang20171016t202900-C,305.78,156.65
1004743,34.40751,-118.99379,ang20171016t202900-D,1466.62,856.55
1004743,34.4051,-118.99399,ang20171016t203319-A,201.83,151.46
1004743,34.40381,-118.99601,ang20171016t203319-B,308.47,175.95
1003679,34.327201,-118.51601,ang20200825t212126-A,420.646018,167.131125
1004743,34.40428,-118.99849,ang20171016t203319-C,30.94,17.85
1004743,34.40428,-118.99849,ang20171016t203726-A,241.27,138.53
1004743,34.40586,-118.99502,ang20171016t203726-E,1106.33,609.83
1004743,34.40586,-118.99502,ang20171016t204134-B,1087.12,685.76
1004743,34.40381,-118.99601,ang20171016t204134-C,437.94,303.96
1004743,34.40414,-118.99827,ang20171016t204547-B,161.93,113.35
1006149,35.510786,-119.40798,ang20200727t221033-A,414.253138,98.5323422
1002107,33.7159695,-117.69798,ang20200906t202258-A,413.17676,187.52639
1004743,34.40381,-118.99601,ang20171016t204547-C,150.07,75.69
1004743,34.40586,-118.99502,ang20171016t204547-D,1445.99,926.69
1004743,34.40381,-118.99601,ang20171016t204936-B,126.8,63.43
1004743,34.4051,-118.99399,ang20171016t211444-A,271.64,135.25
1004743,34.40586,-118.99502,ang20171016t211444-B,793.23,269.69
1004743,34.40586,-118.99502,ang20171016t212056-A,918.66,307.95
1004743,34.40404,-118.99511,ang20171016t212056-B,170.37,42.24
1004743,34.40539,-118.99576,ang20171016t212508-B,428.0,181.41
1004743,34.40586,-118.99502,ang20171016t212901-A,325.67,112.03
1004743,34.4051,-118.99399,ang20171016t212901-B,157.73,40.1
1004743,34.40586,-118.99502,ang20171016t213300-A,296.6,99.45
1004743,34.4051,-118.99399,ang20171016t213300-B,262.12,115.77
1004743,34.40539,-118.99576,ang20171016t213656-B,241.91,96.1
1004743,34.4051,-118.99399,ang20171016t213656-C,124.24,47.75
1002106,33.49009,-117.62384,ang20171023t183733-A,35.73,19.87
1002106,33.49045,-117.62067,ang20171023t183733-B,55.12,32.34
1002106,33.48879,-117.62053,ang20171023t183733-C,32.88,19.68
1002106,33.48885,-117.62417,ang20171023t184406-A,66.75,38.8
1002106,33.4888,-117.62088,ang20171023t184406-B,10.09,5.59
1002106,33.48671,-117.62324,ang20171023t184406-C,26.53,15.66
1005042,38.311463,-121.82486,ang20200918t204940-A,397.424604,74.7643427
1002107,33.72043,-117.70277,ang20171023t192818-A,1109.43,467.55
1002107,33.71964,-117.70456,ang20171023t192818-B,465.37,169.29
1002107,33.72164,-117.70116,ang20171023t192818-C,194.74,92.62
1002107,33.71674,-117.70502,ang20171023t193220-C,157.23,49.86
1002107,33.72043,-117.70277,ang20171023t193220-E,1293.13,581.78
1002107,33.71964,-117.70456,ang20171023t193220-F,467.18,226.18
1002107,33.71715,-117.7025,ang20171023t215031-A,83.14,73.38
1002107,33.71674,-117.70502,ang20171023t215031-B,140.5,88.41
1002107,33.71344,-117.70398,ang20171023t215031-C,264.43,174.41
1002107,33.72043,-117.70277,ang20171023t215031-D,709.26,457.24
1002107,33.70836,-117.70809,ang20171023t215031-F,204.39,135.14
1002107,33.7175254,-117.6962,ang20200720t204136-1,377.92371,124.460134
1002107,33.71715,-117.7025,ang20171023t215413-A,33.59,24.78
1002107,33.71621,-117.70243,ang20171023t215413-B,52.4,33.82
1002107,33.71344,-117.70398,ang20171023t215413-C,27.12,19.91
1002107,33.72043,-117.70277,ang20171023t215413-D,1000.03,649.18
1002107,33.71964,-117.70456,ang20171023t215413-E,197.77,163.36
1002107,33.70836,-117.70809,ang20171023t215413-F,39.01,27.27
1003679,34.326972,-118.51666,ang20200708t192518-A,366.194355,68.7988249
1002107,33.72247,-117.69879,ang20171023t215413-G,53.69,33.46
1002107,33.71385,-117.706,ang20171023t215413-H,300.6,202.19
1003679,34.32806,-118.51599,ang20171026t215115-A,186.82,92.84
1003679,34.32884,-118.51944,ang20171026t215115-B,71.48,36.23
1003679,34.33357,-118.52219,ang20171026t215522-A,107.92,59.86
1003679,34.33051,-118.51768,ang20171026t215522-B,177.16,86.7
1003679,34.32817,-118.52014,ang20171026t215947-A,170.68,84.53
1003679,34.32682,-118.5173,ang20171026t215947-C,68.84,35.56
1002320,33.94049,-117.84846,ang20171108t175813-A,103.53,40.97
1002320,33.93932,-117.84296,ang20171108t175813-B,63.1,41.45
1002320,33.93995,-117.84145,ang20171108t175813-D,69.87,36.93
1002320,33.93873,-117.84134,ang20171108t175813-E,46.19,21.31
1002320,33.9415,-117.83898,ang20171108t175813-F,23.43,9.28
1002320,33.94125,-117.83168,ang20171108t180333-A,15.17,8.16
1002320,33.94153,-117.83103,ang20171108t180333-B,16.12,8.78
1002320,33.93771,-117.83093,ang20171108t180333-C,66.56,35.48
1006149,35.50812,-119.40904,ang20171113t191125-B,17.79,3.83
1006149,35.51068,-119.41098,ang20171113t191125-C,51.47,30.44
1006149,35.51068,-119.41098,ang20171113t203340-C,111.78,18.59
1006149,35.51068,-119.41098,ang20171113t215354-C,167.85,36.76
1006149,35.50856,-119.41064,ang20171113t215354-D,48.67,10.38
1004548,36.393379,-119.382122,ang20180821t200507-A,25.80562,11.88506
1004548,36.391841,-119.38044,ang20180821t200507-B,106.52345,30.55245
1004548,36.393827,-119.380172,ang20180919t190324-A,71.31064,23.08671
1004548,36.391695,-119.379387,ang20180919t190324-B,226.58848,36.11338
1003679,34.3280924,-118.51905,ang20200716t201734-A,337.161769,110.976637
1004548,36.393827,-119.380172,ang20180919t191334-A,123.36392,54.39946
1004548,36.391695,-119.379387,ang20180919t191334-B,158.53403,50.66201
1004548,36.393827,-119.380172,ang20180919t192216-A,34.74883,17.50541
1004548,36.391973,-119.378572,ang20180919t192216-B,100.81527,20.83051
1007040,37.758056,-121.727748,ang20180920t180956-A,61.18283,36.06583
1007040,37.759477,-121.727427,ang20180920t180956-B,265.78278,86.68706
1007699,37.75279,-121.655627,ang20180920t180956-D,57.19313,11.02386
1007699,37.756834,-121.648462,ang20180920t180956-E,209.19538,67.78456
1007040,37.758056,-121.727748,ang20180920t182324-B,478.6104,125.73505
1007040,37.759477,-121.727427,ang20180920t182324-C,478.6104,125.73505
1007040,37.760207,-121.722692,ang20180920t182324-D,330.5419,88.92687
1007699,37.750391,-121.657948,ang20180920t182324-E,281.1332,70.85794
1007699,37.753244,-121.65473,ang20180920t183722-A,27.12844,9.0487
1007040,37.758056,-121.727748,ang20180920t183722-B,206.71673,43.60631
1007699,37.750318,-121.657252,ang20180920t183722-C,297.55787,80.12482
1007040,37.759477,-121.727427,ang20180920t183722-D,206.71673,43.60631
1007699,37.756834,-121.648462,ang20180920t183722-F,162.70499,33.78323
1004011,37.997968,-121.934226,ang20180920t185005-A,168.50117,91.56669
1004011,37.998831,-121.935629,ang20180920t185005-B,158.55785,79.70267
1004011,37.997033,-121.935958,ang20180920t185005-C,464.26676,199.95228
1004011,37.99719,-121.936891,ang20180920t185005-D,327.42123,141.87377
1004011,37.995543,-121.935431,ang20180920t185005-E,711.12799,252.55413
1004011,37.992781,-121.938766,ang20180920t190207-A,517.31021,223.22984
1004011,37.998831,-121.935629,ang20180920t190207-B,162.76701,50.50246
1004011,37.997033,-121.935958,ang20180920t190207-C,351.29997,107.76073
1004011,37.997056,-121.936213,ang20180920t190207-D,380.06218,92.03345
1004011,37.995405,-121.936006,ang20180920t190207-E,278.82422,81.58553
1007345,38.210109,-121.972806,ang20180920t191240-A,399.5762,121.78901
1007345,38.210109,-121.972806,ang20180920t192430-A,669.83483,230.45346
1007345,38.210109,-121.972806,ang20180920t193536-A,817.81281,383.18255
1007112,37.498386,-122.407651,ang20180920t202937-A,150.83792,64.00416
1007112,37.500481,-122.412113,ang20180920t202937-B,109.36433,68.75373
1007112,37.50118,-122.40922,ang20180920t202937-C,216.05406,142.08001
1007112,37.498386,-122.407651,ang20180920t204112-A,187.72116,80.06886
1006149,35.5107681,-119.40802,ang20200715t175235-2,304.86198,37.3000102
1007112,37.50118,-122.40922,ang20180920t204112-D,272.43439,152.84102
1007112,37.498386,-122.407651,ang20180920t205250-A,132.82895,53.5253
1007112,37.500656,-122.412447,ang20180920t205250-B,122.10249,45.25635
1007112,37.502709,-122.410825,ang20180920t205250-C,713.20993,346.88846
1007112,37.50118,-122.40922,ang20180920t205250-D,407.08272,266.56281
1004548,36.394067,-119.381049,ang20180922t194326-A,421.94338,117.77727
1006149,35.510814,-119.40794,ang20200727t215412-A,302.85818,70.3138074
1004548,36.392356,-119.378759,ang20180922t194326-B,17.47513,6.08788
1004548,36.393827,-119.380172,ang20180922t195009-A,248.27807,87.60176
1004548,36.412806,-119.367076,ang20180922t195009-B,39.4781,23.22061
1003679,34.334556,-118.519683,ang20180922t221128-A,693.15491,261.99719
1003679,34.328168,-118.520114,ang20180922t221128-B,112.12483,52.88351
1003679,34.327001,-118.5174,ang20180922t221128-C,349.83175,213.85609
1003679,34.327288,-118.5161,ang20200716t201734-B,296.454412,109.550307
1003679,34.325478,-118.515477,ang20180922t221128-D,88.31194,34.60001
1003679,34.334556,-118.519683,ang20180922t221711-A,823.35078,398.18113
1003679,34.327935,-118.520374,ang20180922t221711-B,116.2996,94.76161
1003679,34.327339,-118.517598,ang20180922t221711-C,158.58313,44.45555
1003679,34.325478,-118.515477,ang20180922t221711-D,65.47674,21.81066
1007668,38.163702,-122.562459,ang20180927t184652-A,42.09005,27.26755
1007668,38.163702,-122.562459,ang20180927t185506-A,223.90282,112.63307
1007112,37.502709,-122.410825,ang20180927t191712-A,523.97698,273.99213
1007112,37.500195,-122.412071,ang20180927t191712-B,106.92499,60.03723
1007112,37.501451,-122.409377,ang20180927t191712-C,560.48832,272.25831
1007112,37.501918,-122.409181,ang20180927t192533-A,418.4737,222.38738
1007112,37.500754,-122.411403,ang20180927t192533-B,86.64451,66.46757
1007112,37.501937,-122.409132,ang20180927t192533-C,542.93352,261.20536
1007112,37.502709,-122.410825,ang20180927t193322-A,222.76379,103.97387
1006179,37.459461,-121.943333,ang20180927t195028-B,153.7822,30.31448
1006179,37.458969,-121.945939,ang20180927t195028-D,238.0289,68.17843
1002107,33.716887,-117.70191,ang20200811t200130-A,279.692402,72.7734863
1006179,37.45936,-121.9432,ang20180927t200251-B,1673.2735,905.99558
1006179,37.458969,-121.945939,ang20180927t200251-D,1759.22847,842.7093
1006179,37.457143,-121.944568,ang20180927t200251-E,325.26771,128.71792
1002320,33.94178532,-117.8370573,ang20181001t173050-A,404.03191,177.29086
1002320,33.939634,-117.833445,ang20181001t173050-B,404.03191,177.29086
1002320,33.93829,-117.843507,ang20181001t173050-C,404.03191,177.29086
1002320,33.93829,-117.843507,ang20181001t173050-D,404.03191,177.29086
1002320,33.93795,-117.837136,ang20181001t173735-D,151.94071,51.19503
1002107,33.717428,-117.704123,ang20181001t174635-A,67.43721,30.36121
1002107,33.719093,-117.706075,ang20181001t174635-B,210.73404,149.60586
1002107,33.721353,-117.702361,ang20181001t174635-C,379.85718,103.84539
1002107,33.723105,-117.699426,ang20181001t174635-D,632.97664,167.80083
1002107,33.717428,-117.704123,ang20181001t175246-A,121.0725,28.9779
1006149,35.5105024,-119.40798,ang20200709t212243-1,269.519063,137.484539
1002107,33.719093,-117.706075,ang20181001t175246-B,84.87445,42.35932
1002107,33.721353,-117.702361,ang20181001t175246-C,525.87034,174.63036
1002107,33.723105,-117.699426,ang20181001t175246-D,422.0439,108.29764
1003679,34.334556,-118.519683,ang20181001t202630-A,833.13346,318.56093
1003679,34.328168,-118.520114,ang20181001t202630-B,176.94191,90.7345
1003679,34.327001,-118.5174,ang20181001t202630-C,404.99916,116.68466
1003679,34.325478,-118.515477,ang20181001t202630-D,115.58641,83.95506
1003679,34.334556,-118.519683,ang20181001t203231-A,1001.15532,469.15106
1003679,34.328139,-118.520272,ang20181001t203231-B,207.17134,47.84866
1003679,34.327001,-118.5174,ang20181001t203231-C,307.39427,150.92053
1007345,38.209173,-121.975285,ang20181005t183808-B,61.0296,22.65767
1007345,38.210109,-121.972806,ang20181005t183808-C,80.31919,17.97731
1002320,33.943224,-117.83354,ang20200720t203444-A,253.873668,89.108643
1007345,38.209173,-121.975285,ang20181005t184359-C,79.14405,48.90753
1007345,38.210109,-121.972806,ang20181005t184359-D,59.52683,31.69539
1007345,38.209173,-121.975285,ang20181005t184931-B,68.99105,20.73359
1007345,38.210109,-121.972806,ang20181005t184931-C,196.0112,41.72225
1002107,33.7177146,-117.70015,ang20200716t204525-1,249.926193,98.5007629
1006179,37.458245,-121.941261,ang20181005t192348-B,1708.68172,720.19052
1006179,37.458969,-121.945939,ang20181005t192348-C,113.11898,74.34745
1006179,37.457773,-121.94467,ang20181005t192348-D,240.7322,146.4644
1006179,37.459525,-121.941676,ang20181005t192348-E,554.19275,542.72981
1006179,37.458969,-121.945939,ang20181005t192929-D,72.64068,38.74582
1006179,37.457773,-121.94467,ang20181005t192929-E,163.75062,79.22377
1006179,37.459557,-121.941255,ang20181005t192929-F,859.07466,311.68237
1006179,37.458245,-121.941261,ang20181005t193542-C,898.16129,492.97891
1006179,37.458969,-121.945939,ang20181005t193542-D,614.92788,320.71853
1006179,37.457773,-121.94467,ang20181005t193542-E,522.33693,210.15165
1006179,37.459557,-121.941255,ang20181005t193542-G,563.46934,303.43058
1006179,37.458245,-121.941261,ang20181005t194456-C,1285.51992,434.44429
1006179,37.458969,-121.945939,ang20181005t194456-D,149.59196,25.65613
1006179,37.457773,-121.94467,ang20181005t194456-E,88.82831,79.45818
1006179,37.459557,-121.941255,ang20181005t194456-F,629.2376,564.44727
1004011,37.998189,-121.93567,ang20181005t195739-A,201.10814,83.9664
1004011,37.998205,-121.936859,ang20181005t195739-B,138.18246,39.59941
1004011,37.996155,-121.93602,ang20181005t195739-C,414.65347,88.85583
1004011,37.996227,-121.933482,ang20181005t195739-D,501.72814,125.55732
1004011,37.998189,-121.93567,ang20181005t200331-A,204.50914,71.13763
1004011,37.998205,-121.936859,ang20181005t200331-B,234.46383,51.57148
1004011,37.996155,-121.93602,ang20181005t200331-C,265.48808,101.77289
1005717,29.921805,-90.23808,GAO20211026t175710p0000-A,231.767044,71.6751782
1004011,37.996227,-121.933482,ang20181005t200331-D,53.02873,15.54978
1004011,37.998134,-121.935832,ang20181005t200940-A,94.63992,11.87987
1004011,37.99776,-121.936978,ang20181005t200940-B,147.01628,29.13338
1004011,37.995543,-121.935431,ang20181005t200940-C,589.3,160.06082
1004011,37.996968,-121.935819,ang20181005t200940-D,118.10179,114.98527
1004010,37.881364,-121.188374,ang20181005t222416-D,266.49124,117.93374
1004010,37.878574,-121.190206,ang20181005t223055-A,317.00863,48.1992
1004010,37.878136,-121.18623,ang20181005t223055-B,852.09792,406.32049
1004010,37.879613,-121.187221,ang20181005t223055-C,597.24154,286.97711
1004010,37.881364,-121.188374,ang20181005t223055-D,438.33623,242.78357
1004037,38.520206,-121.187196,ang20181009t180043-B,247.37307,65.57336
1004037,38.518615,-121.187787,ang20181009t180043-C,303.85472,52.8103
1004037,38.520206,-121.187196,ang20181009t180554-B,160.32277,110.86581
1004037,38.518615,-121.187787,ang20181009t180554-C,468.28683,201.03582
1004037,38.516449,-121.187477,ang20181009t180554-D,303.02169,202.98732
1004010,37.878807,-121.189306,ang20181009t200058-A,175.52978,79.511
1004010,37.877816,-121.18673,ang20181009t200058-B,370.73381,83.68156
1004010,37.879613,-121.187221,ang20181009t200058-C,221.37333,216.1757
1004010,37.881364,-121.188374,ang20181009t200058-D,773.50494,161.47277
1004010,37.881364,-121.188374,ang20181009t200627-D,669.00414,247.93692
1007699,37.756592,-121.648265,ang20181009t215128-A,81.08746,38.86963
1007040,37.760207,-121.722692,ang20181009t215128-D,57.12921,12.36932
1007699,37.756592,-121.648265,ang20181009t215749-A,160.2676,75.80221
1007040,37.759477,-121.727427,ang20181009t215749-F,140.75713,32.02515
1004548,36.393851,-119.380252,ang20181010t194152-A,383.1995,147.36166
1004548,36.392758,-119.378661,ang20181010t194152-B,53.77139,14.62999
1004548,36.393597,-119.382178,ang20181010t194152-C,136.90308,30.0907
1004548,36.393827,-119.380172,ang20181010t194707-A,53.50766,20.59133
1002320,33.942302,-117.83338,ang20200811t195421-A,211.529969,86.46601
1003679,34.334556,-118.519683,ang20181010t211201-A,487.37934,226.93048
1003679,34.328168,-118.520114,ang20181010t211201-B,556.39217,222.57415
1003679,34.327001,-118.5174,ang20181010t211201-C,402.78727,86.20257
1003679,34.325478,-118.515477,ang20181010t211201-D,299.41453,178.16382
1003679,34.328645,-118.516057,ang20181010t211201-E,133.65739,42.60983
1003679,34.328847,-118.513754,ang20181010t211201-G,147.611,107.9278
1003679,34.334556,-118.519683,ang20181010t211633-A,975.39663,443.50979
1003679,34.328168,-118.520114,ang20181010t211633-B,242.88666,98.83976
1003679,34.327001,-118.5174,ang20181010t211633-C,511.18842,166.07005
1003679,34.325478,-118.515477,ang20181010t211633-D,63.84058,17.10723
1002320,33.939634,-117.833445,ang20181010t221412-A,49.45485,13.99193
1002320,33.93829,-117.843507,ang20181010t221412-B,49.45485,13.99193
1002320,33.938419,-117.838131,ang20181010t221412-C,136.53796,39.38392
1002320,33.94178532,-117.8370573,ang20181010t221928-A,41.54353,16.17418
1002320,33.939634,-117.833445,ang20181010t221928-B,41.54353,16.17418
1002107,33.716611,-117.69936,ang20200814t191007-A,200.908657,55.4008965
1006149,35.510759,-119.40794,ang20200924t213537-A,200.482772,29.8586959
1002320,33.938524,-117.836858,ang20181010t221928-C,118.49253,27.35805
1002320,33.94178532,-117.8370573,ang20181010t221928-D,105.36555,13.37904
1002320,33.93829,-117.843507,ang20181010t221928-E,41.54353,16.17418
1007699,37.755134,-121.65895,GAO20201115t201750p0000-A,775.1948,320.0446163
1003679,34.325815,-118.51556,ang20220228t215349-A,,
1007693,33.797174,-117.46173,ang20220302t182228-A,1033.41643,516.682939
1002107,33.7203344,-117.70327,ang20220302t195344-A,477.951536,185.608543
1003679,34.328494,-118.51611,ang20220302t184722-A,695.783383,365.599146
1004743,34.403933,-118.99706,ang20220302t185439-A,514.615628,299.083848
1007112,37.5025891,-122.41033,ang20220514t200013-A,,
1007693,33.796276,-117.46291,ang20220302t200003-A,648.826933,252.397934
1003679,34.3302,-118.51775,ang20220302t201838-A,597.416525,168.1024
1004743,34.405117,-118.99403,ang20220302t205915-A,1123.2906,591.748454
1003679,34.327481,-118.51805,ang20220308t221613-A,1384.98656,534.912785
1002107,33.715342,-117.70036,ang20220311t185338-A,719.107532,307.059264
1003679,34.325482,-118.51763,ang20220311t191344-A,1858.81997,471.048653
1004743,34.4037872,-118.9972,ang20220311t192131-A,550.406791,144.183665
1003679,34.325704,-118.51636,ang20220311t200606-A,1289.84494,529.324191
1002107,33.720566,-117.70483,ang20220311t202515-A,856.997396,322.525625
1003679,34.327324,-118.51638,ang20220311t205203-A,1583.39362,326.291507
1004743,34.403755,-118.9972,ang20220311t205920-A,1121.31686,304.00997
1003679,34.325722,-118.51592,ang20220311t214308-A,3311.00342,905.226351
1007693,33.7967482,-117.46364,ang20220318t183050-A,818.377532,312.09193
1005717,29.9312745,-90.253384,GAO20210506t182124p0000-2,473.07774,69.423621
1004037,38.518135,-121.18776,GAO20201120t191548p0000-A,472.85754,314.9500411
1002107,33.715904,-117.70379,ang20200811t200130-B,182.058714,60.6246781
1004550,36.709719,-121.76139,GAO20201115t181309p0000-A,464.24078,218.8356594
1004743,34.405178,-118.99279,ang20220318t190518-A,712.973001,211.528433
1004743,34.404972,-118.99269,ang20220318t195813-A,510.506309,143.434896
1004010,37.881167,-121.18666,GAO20201115t203231p0000-A,456.13248,258.6740227
1003679,34.3283762,-118.52138,ang20220318t200606-B,,
1004550,36.7064781,-121.75763,GAO20211107t185840p0000-A,455.7594,342.943711
1007693,33.7964286,-117.46191,ang20220318t202431-A,,
1002951,43.055464,-77.936804,GAO20210815t133815p0000-B,,
1007112,37.504692,-122.40881,ang20220514t195506-B,,
1002107,33.720606,-117.70422,ang20220401t212926-A,437.31103,150.935122
1004743,34.406525,-118.99212,ang20220318t213136-A,872.092387,336.997659
1003679,34.32772,-118.51737,ang20220318t214057-A,940.507145,399.872922
1002107,33.718309,-117.70318,GAO20211111t204558p0000-A,436.406135,195.540397
1004487,34.136765,-84.042897,GAO20220425t151201p0000-D,,
1004352,36.371824,-114.85761,ang20220401t191621-C,652.884201,209.253415
1006899,29.830701,-95.240665,ang20220610t194646-A,423.624483,126.159759
1004487,34.136754,-84.042905,GAO20220425t151656p0000-A,,
1007691,40.27536,-79.992332,GAO20210514t144546p0000-1,416.904737,217.155365
1003679,34.327882,-118.5168,ang20220401t214726-A,1444.96348,452.249669
1006179,37.458775,-121.94243,ang20220406t181817-A,6470.64409,3206.7442
1004011,37.995263,-121.93738,ang20220406t184200-A,789.558559,291.771774
1007112,37.4989885,-122.41201,ang20220406t192150-A,,
1006179,37.45678,-121.9424,ang20220406t193219-A,1374.14969,693.915887
1003679,34.335794,-118.51904,ang20220424t202503-A,,
1003679,34.325628,-118.51896,ang20220424t202503-C,1626.11851,478.854418
1004743,34.4039908,-118.99583,ang20220424t203219-A,514.849595,142.682609
1005717,29.9376311,-90.263031,GAO20210506t181508p0000-2,416.673884,239.374061
1007693,33.7976664,-117.46247,ang20220401t212206-A,408.342459,222.102079
1006179,37.458161,-121.94073,ang20220514t181218-A,3375.36231,905.201538
1006179,37.45809,-121.94027,ang20220514t182158-A,3669.39057,1068.29631
1002107,33.716176,-117.70329,ang20200720t204136-B,166.570941,64.1102032
1004011,37.9939842,-121.93682,ang20220514t190216-A,488.787135,88.2676756
1004011,37.993923,-121.93864,ang20220514t190736-A,640.037946,167.357357
1004011,37.998189,-121.93671,ang20220514t190736-B,1553.1553,644.110429
1007112,37.499975,-122.4084,ang20220514t195506-A,,
1002107,33.715349,-117.699,ang20220318t203132-A,399.572698,103.572081
1005717,29.931215,-90.253519,ang20220604t155809-A,2731.06074,580.380429
1005717,29.935104,-90.262639,ang20220604t155809-B,6131.47492,2306.20506
1005493,30.602954,-91.231627,ang20220604t171218-A,5029.64932,1737.32502
1006899,29.828238,-95.234547,ang20220607t201015-A,2886.91267,458.819428
1006899,29.83074,-95.241767,ang20220607t201015-B,972.671988,197.192314
1007800,29.949144,-95.232315,ang20220607t201504-A,820.55049,312.692095
1007800,29.95227,-95.233173,ang20220607t201504-B,,
1007684,29.6814,-94.918509,ang20220607t210726-A,,
1007684,29.674622,-94.913917,ang20220607t210726-B,,
1004487,34.13682,-84.042887,GAO20220423t150922p0000-C,,
1006899,29.827848,-95.234223,ang20220610t194646-B,,
1007800,29.952811,-95.236423,ang20220610t195414-A,,
1007800,29.952146,-95.233298,ang20220610t195414-B,3943.7432,1103.99428
1007800,29.949042,-95.232207,ang20220610t195414-C,1082.25971,343.380622
1003646,29.428065,-95.190582,ang20220610t201320-A,4375.87261,1828.91229
1005493,30.602769,-91.231887,ang20220614t174029-A,2129.57161,668.286189
1005717,29.935347,-90.263499,ang20220615t170720-A,,
1004743,34.4058413,-118.99327,ang20200716t200550-A,158.372151,80.7704725
1004011,37.9920316,-121.93943,GAO20201120t185304p0000-3,384.3707,217.0152491
1004037,38.5182932,-121.18781,GAO20201115t195429p0000-2,378.47714,181.3149268
1003646,29.427967,-95.190812,ang20220617t181518-B,821.013196,301.211701
1007800,29.951287,-95.232666,ang20220617t190047-A,701.277964,361.667082
1007800,29.95287,-95.232735,ang20220617t191847-A,630.356143,331.985933
1004743,34.4047929,-118.99537,GAO20201111t175225p0000-1,372.05237,212.4609153
1004850,40.97072,-82.485041,ang20220630t163400-D,,
1007797,30.4813067,-90.823766,GAO20210506t170356p0000-1,365.915908,117.680544
1007699,37.757233,-121.65948,GAO20201115t201750p0000-1,364.3201,274.0872894
1004743,34.405234,-118.99216,ang20220318t205907-A,363.966202,186.79772
1010392,33.177012,-84.850477,GAO20220427t163724p0000-A,362.094214,184.33823
1003679,34.327091,-118.51628,ang20220318t185710-A,357.62253,144.512803
1004011,37.997333,-121.93484,ang20220514t190216-B,356.096803,128.698837
1002276,40.820732,-82.870055,ang20220630t203229-A,354.912437,184.697814
1002107,33.720865,-117.7032,ang20220302t182946-B,350.661087,189.841128
1004550,36.709896,-121.76283,GAO20201112t181508p0000-A,330.55084,141.4743106
1002107,33.718217,-117.7005,ang20200830t202837-B,141.061076,56.5127134
1006149,35.5107605,-119.40795,ang20200903t205931-A,139.858751,25.9046706
1004850,40.9713084,-82.480328,ang20220630t163400-B,329.959182,82.8360276
1003601,42.164597,-83.207467,ang20220630t143313-A,2236.19441,526.795836
1007745,42.762924,-82.746817,ang20220630t144452-A,,
1004497,42.905407,-82.591398,ang20220630t145143-A,,
1008034,42.402084,-83.553195,ang20220630t151457-A,,
1003582,42.262317,-83.433016,ang20220630t152222-A,2680.96761,612.686755
1003687,42.269862,-83.453896,ang20220630t152222-C,,
1003732,43.2131763,-78.974383,GAO20210815t135403p0000-B,323.673601,291.592625
1007693,33.797241,-117.4615,GAO20211111t205931p0000-B,320.370525,126.896046
1007969,41.31046,-82.1732,ang20220630t162531-A,573.192251,124.803946
1004850,40.972887,-82.483583,ang20220630t163400-A,1092.31974,263.676569
1010392,33.177082,-84.850196,GAO20220427t163220p0000-A,312.40936,148.011199
1004399,40.49834,-81.51725,ang20220630t165936-B,,
1006777,40.427386,-80.917378,ang20220630t170635-A,1353.4009,294.036236
1003102,40.9943833,-80.534384,ang20220630t171928-A,620.08997,198.382544
1003102,40.9967412,-80.53264,ang20220630t171928-B,716.036872,252.182379
1003102,40.996169,-80.52876,ang20220630t171928-C,1186.97968,320.992269
1006777,40.428551,-80.919883,ang20220630t174018-A,1732.11005,278.149668
1006777,40.427034,-80.914707,ang20220630t174018-C,,
1004399,40.497623,-81.520797,ang20220630t174841-A,4099.17778,1138.76979
1003102,40.993305,-80.528714,ang20220630t194620-B,547.94,118.85
1003102,40.992976,-80.533628,ang20220630t194620-C,,
1006777,40.42748,-80.918231,ang20220630t195902-A,2073.27473,649.640384
1004399,40.496028,-81.522057,ang20220630t200716-A,,
1004850,40.97378,-82.483484,ang20220630t202314-A,1324.59714,222.877599
1002107,33.716065,-117.69866,ang20220318t183727-A,310.623388,89.1228729
1007969,41.308802,-82.170455,ang20220630t205522-A,2394.31728,808.472497
1002107,33.720787,-117.70411,ang20220318t183727-B,305.561077,101.164808
1007558,32.8523606,-117.16521,ang20220401t205816-B,301.074207,118.185753
1004011,37.994022,-121.93863,GAO20201115t201040p0000-A,293.6956,90.49439455
1004550,36.709555,-121.76229,GAO20201112t181145p0000-A,290.29068,131.6849006
1007745,42.755217,-82.749664,GAO20210815t153645p0000-A,287.028098,200.981813
1007817,37.185747,-121.66914,GAO20201115t182415p0000-1,282.6778,138.2615996
1007558,32.850611,-117.16658,ang20220401t205816-A,282.521791,94.5397627
1002107,33.712135,-117.70833,GAO20201114t184338p0000-1,280.20728,86.253566
1002107,33.7194921,-117.7064,GAO20201111t190112p0000-1,2473.7292,661.5275771
1002107,33.7195741,-117.70625,GAO20201111t190435p0000-1,1776.1361,495.3619069
1006179,37.458037,-121.94483,GAO20201112t183426p0000-A,1081.225,609.721536
1006179,37.460606,-121.94507,GAO20201112t183426p0000-D,3041.625,1646.947633
1006179,37.460606,-121.94507,GAO20201112t183816p0000-A,2286.1328,1131.757736
1006179,37.4580513,-121.94493,GAO20201112t183816p0000-C,613.6141,289.8580765
1007112,37.499179,-122.41109,GAO20201112t184601p0000-A,1324.4958,644.0248443
1007345,38.214296,-121.98144,GAO20201112t192439p0000-C,626.60223,263.6563315
1002107,33.718147,-117.70412,GAO20211110t191107p0000-B,259.973293,106.310916
1003911,40.022167,-105.00796,GAO20210925t173847p0000-A,257.789068,144.336475
1004011,37.992381,-121.93924,GAO20201112t200252p0000-C,2615.3252,752.1561569
1002107,33.7157519,-117.69733,ang20220302t182946-A,253.34764,121.126989
1002107,33.719749,-117.70405,GAO20201114t184022p0000-B,1396.5417,609.6313434
1002107,33.719284,-117.70351,GAO20201114t184338p0000-B,1454.3424,753.994164
1007693,33.798277,-117.46534,GAO20201114t184906p0000-1,855.2228,448.3356539
1006179,37.45897,-121.94198,GAO20201115t183326p0000-B,2273.421,1210.26168
1006179,37.458344,-121.94461,GAO20201115t183718p0000-A,2042.2909,1053.800185
1007112,37.500184,-122.41177,GAO20201115t184615p0000-B,1813.898,1140.293991
1007040,37.7587901,-121.72696,ang20220514t183955-A,240.21731,89.8888669
1005042,38.3145126,-121.82711,GAO20201115t193521p0000-1,617.2006,170.2556856
1003679,34.3274306,-118.52007,ang20200708t192518-2,115.989224,74.4981873
1004497,42.904927,-82.594236,GAO20210815t153248p0000-A,238.050792,114.091798
1004037,38.520343,-121.18567,GAO20201115t195429p0000-A,790.0898,203.2254478
1004037,38.5155284,-121.19257,GAO20201120t191548p0000-1,230.82974,89.3008135
1003687,42.2690187,-83.457429,GAO20210815t155502p0000-C,227.192859,66.8040619
1002107,33.7219934,-117.7019,GAO20201117t184543p0000-1,2382.048,1164.736766
1002107,33.719753,-117.70095,GAO20201117t184543p0000-A,1450.9741,467.3749053
1002107,33.719883,-117.70339,GAO20201117t184543p0000-B,1676.0911,666.2908696
1002107,33.719104,-117.70618,GAO20201117t184543p0000-C,597.087,205.5510252
1004010,37.8790057,-121.18599,GAO20201120t182953p0000-2,1416.972,424.0084559
1004850,40.9658311,-82.48597,ang20220630t163400-C,220.417648,66.5651336
1003911,40.021997,-105.00802,GAO20210722t162645p0000-A,220.267211,59.3656987
1003911,40.022029,-105.00783,GAO20210922t172413p0000-A,217.611823,109.830329
1002107,33.712151,-117.70851,GAO20201117t184152p0000-A,209.34833,124.2860362
1004010,37.8788443,-121.18604,GAO20201120t202702p0000-2,1595.2595,766.5929881
1002320,33.941588,-117.83386,GAO20201114t183507p0000-1,205.81104,128.4603653
1005717,29.931344,-90.253389,GAO20210506t181508p0000-1,875.025423,167.528637
1005717,29.933745,-90.260272,GAO20210506t182124p0000-1,1344.21472,687.413607
1003911,40.022255,-105.00806,GAO20210715t161842p0000-A,200.063621,75.7919073
1006064,30.868467,-92.603939,GAO20210508t152018p0000-1,490.495661,197.405843
1002476,30.2723745,-92.864893,GAO20210508t153858p0000-1,,
1006261,41.4260187,-75.581762,GAO20210511t150535p0000-1,602.62122,107.598954
1007880,40.5865875,-104.8233,GAO20210712t153850p0000-A,198.690714,56.0893734
1002556,40.1738227,-75.898597,GAO20210511t154329p0000-1,591.00322,160.614834
1003456,40.2122954,-80.271228,GAO20210513t152129p0000-1,582.842082,234.217513
1003456,40.210998,-80.272652,GAO20210513t153658p0000-2,1012.68226,380.892762
1002320,33.940615,-117.82939,GAO20211110t185911p0000-A,194.131273,98.0727295
1004352,36.3705251,-114.86443,ang20220401t191621-B,190.748525,79.2796408
1002951,43.0565179,-77.933738,GAO20210815t133815p0000-A,187.320379,124.802808
1002035,40.812326,-80.082004,GAO20210518t143003p0000-1,670.962317,524.335444
1004010,37.8773161,-121.18951,GAO20201112t202217p0000-A,184.62587,117.1804196
1002107,33.7120933,-117.70852,GAO20201114t184022p0000-1,175.78806,85.13105485
1003582,42.2608049,-83.432985,GAO20210815t155502p0000-A,175.719846,43.3847243
1006044,39.852353,-104.75564,GAO20210719t154431p0000-A,174.025259,78.8147894
1002107,33.7181615,-117.70407,GAO20211110t190751p0000-B,173.935177,64.1882334
1003198,34.159472,-118.19327,GAO20211111t203239p0000-A,172.8657,71.3303443
1007816,34.3014181,-118.7929,GAO20201111t180024p0000-A,171.44447,107.633688
1007880,40.584812,-104.82296,GAO20210718t152410p0000-A,169.810363,76.456551
1003911,40.0220537,-105.00797,GAO20210922t171315p0000-A,168.754153,87.0275515
1004037,38.517037,-121.1855,GAO20201112t194830p0000-B,165.75395,35.30424168
1002276,40.8201496,-82.87085,ang20220630t164245-A,165.468865,8.48298184
1003732,43.210282,-78.974627,GAO20210815t135403p0000-A,564.704661,374.402888
1003911,40.0221753,-105.00802,GAO20210925t172929p0000-A,165.247259,99.9315499
1003679,34.32717,-118.51622,ang20220318t200606-A,163.18397,67.7867152
1003582,42.2633732,-83.43078,GAO20210815t155502p0000-B,162.656582,47.9530552
1003695,41.5175944,-84.585466,ang20220630t155159-A,161.111036,58.1662136
1004406,34.83609,-117.02033,GAO20201111t200553p0000-A,154.08818,47.55828186
1003646,29.424565,-95.191949,ang20220617t181518-A,153.559414,93.0717
1005042,38.3103168,-121.82929,GAO20201112t192912p0000-A,151.06812,30.25189061
1003679,34.3324901,-118.51745,GAO20201111t181543p0000-A,143.62126,99.34026395
1003679,34.3273239,-118.51612,ang20220318t205055-C,140.78808,81.8698562
1004352,36.3774107,-114.85621,ang20220502t195444-F,136.077588,81.6136822
1003911,40.0218104,-105.00802,GAO20210722t161650p0000-A,135.507787,42.7176679
1007709,39.6614823,-104.69196,GAO20210722t153405p0000-A,133.695324,28.1234139
1002107,33.71575,-117.69968,GAO20211110t190751p0000-A,132.249959,69.0010729
1007709,39.662373,-104.6856,GAO20210719t154818p0000-B,131.314169,72.8656452
1003818,40.913096,-111.91988,GAO20200802t183346p0000-A,130.415518,55.528451
1007693,33.794237,-117.47493,GAO20211110t191706p0000-B,129.252357,87.6167249
1008034,42.404707,-83.558442,GAO20210815t155200p0000-A,125.485596,40.167983
1006179,37.457786,-121.94181,GAO20211107t191515p0000-A,3933.1101,1499.20649
1007699,37.751353,-121.65539,GAO20211107t193924p0000-A,551.560173,171.382891
1004011,37.995027,-121.93652,GAO20211107t194659p0000-A,1417.27967,491.968582
1007345,38.2157139,-121.98112,GAO20211107t202534p0000-A,,
1003679,34.327106,-118.51633,ang20200830t195953-A,86.4241028,34.5192416
1007521,42.095014,-83.432541,ang20220630t153039-A,124.573442,29.544832
1007709,39.662612,-104.6895,GAO20210719t154818p0000-A,121.4032,67.3558892
1003911,40.022167,-105.00805,GAO20210927t170952p0000-A,117.318456,53.5892152
1004352,36.3773429,-114.86371,ang20220502t195444-B,116.964624,62.7923038
1004550,36.70852,-121.75807,GAO20201112t181145p0000-2,113.52017,81.81521139
1007691,40.275656,-79.992427,GAO20210514t145741p0000-1,113.265006,63.0258511
1002320,33.9408787,-117.83623,ang20200906t195820-B,79.8127475,34.9147959
1007691,40.246147,-79.886411,GAO20210514t153248p0000-1,108.76819,59.8725419
1003911,40.022268,-105.00778,GAO20210715t160842p0000-A,106.436894,59.8175732
1007800,29.9495503,-95.232851,ang20220617t191847-B,104.159158,47.5594547
1004743,34.405234,-118.99369,GAO20211110t182100p0000-A,945.105339,495.435428
1002107,33.718939,-117.70631,ang20200906t202258-B,76.361225,51.7025387
1003679,34.327628,-118.51759,GAO20211110t184559p0000-A,1981.4576,751.994752
1007693,33.796028,-117.46163,GAO20211110t191706p0000-A,529.903169,287.547117
1004352,36.3717407,-114.87199,ang20220401t191621-A,92.3589073,29.1428704
1004743,34.405823,-118.99368,GAO20211110t201354p0000-A,893.793055,371.983062
1000291,40.14757,-79.853657,GAO20210514t154124p0000-1,92.2414162,52.0378383
1004743,34.4035022,-118.99821,GAO20211111t200421p0000-A,1029.06152,276.27646
1004352,36.3771808,-114.85993,ang20220502t195444-D,90.9118436,52.6425813
1003679,34.328115,-118.51679,GAO20211111t202646p0000-A,1447.05991,232.650483
1003471,40.7471973,-112.04416,GAO20200802t173243p0000-B,89.9431256,44.0469469
1004406,34.8362117,-117.02033,GAO20201111t200854p0000-A,88.676575,33.40505365
1002107,33.7144022,-117.69901,GAO20211111t205341p0000-A,753.222897,360.211724
1002107,33.719211,-117.70443,GAO20211111t205341p0000-B,568.009637,207.36456
1007693,33.7940994,-117.47527,GAO20211111t205931p0000-A,1042.62829,501.272749
1003818,40.9102944,-111.91848,GAO20200730t165715p0000-B,87.1103966,42.1614223
1003911,40.0220132,-105.00797,GAO20210719t163238p0000-A,86.534036,32.0903487
1003911,40.0220132,-105.00807,GAO20210719t164255p0000-A,85.5167642,34.6492382
1002320,33.9406669,-117.83136,GAO20211111t204045p0000-A,83.671856,61.0679155
1003471,40.746592,-112.03948,GAO20200802t173243p0000-A,81.4718085,45.4801382
1002992,34.431722,-118.6489,GAO20211111t201613p0000-A,75.979927,51.6189331
1007040,37.759599,-121.72758,ang20220514t182953-A,72.8820969,24.6087813
1003911,40.0220943,-105.00797,GAO20210717t161437p0000-A,71.0001379,51.3494732
1007709,39.6624568,-104.69248,GAO20210718t193403p0000-B,70.9850618,19.6242562
1002831,33.510276,-111.77315,GAO20200808t180538p0000-A,68.4509376,19.6601485
1002107,33.71575,-117.69968,GAO20211110t191107p0000-A,63.6162465,42.1093617
1006044,39.8545,-104.75609,GAO20210719t154431p0000-B,63.2318748,29.510652
1007345,38.213614,-121.9786,GAO20201115t193054p0000-A,62.731346,28.05297387
1004037,38.5185054,-121.18842,GAO20201112t194830p0000-A,58.905365,23.3815755
1007345,38.2135694,-121.97857,GAO20201120t201328p0000-A,48.92175,10.4001895
1007709,39.6637934,-104.69195,GAO20210718t193403p0000-A,32.2648434,9.28303363
1003911,40.0208369,-105.01308,GAO20210925t173847p0000-B,27.7964381,15.1978637
1007345,38.2132873,-121.97878,GAO20201120t185905p0000-A,25.879066,24.90430323
1007857,25.858422,-80.35176,GAO20220410t153353p0000-A,3351.64783,1009.58521
1007857,25.8573,-80.352214,GAO20220410t153846p0000-B,1999.56927,806.617781
1007219,27.3845827,-80.394477,GAO20220410t163143p0000-A,,
1002899,27.202179,-82.394735,GAO20220411t144700p0000-A,2149.45342,574.630416
1004913,27.475355,-82.443531,GAO20220411t145217p0000-B,2513.4876,798.120062
1006859,28.0220801,-81.847067,GAO20220411t152717p0000-A,,
1008215,28.474502,-81.225103,GAO20220411t154718p0000-A,4770.91817,1437.36713
1003619,27.344635,-80.681285,GAO20220412t140119p0000-A,,
1003619,27.344216,-80.680963,GAO20220412t140515p0000-A,,
1007857,25.857411,-80.351967,GAO20220413t135259p0000-A,1664.40924,430.297698
1002646,33.708213,-87.058419,GAO20220419t151809p0000-A,5079.42692,1408.91747
1004256,33.994896,-85.169237,GAO20220420t144003p0000-A,,
1004256,33.998294,-85.178777,GAO20220420t144003p0000-B,2821.58751,930.069019
1006328,34.277374,-84.391936,GAO20220420t145421p0000-A,,
1006328,34.2744278,-84.393373,GAO20220420t145421p0000-B,,
1004487,34.13589,-84.039401,GAO20220420t150445p0000-A,6039.1353,1937.51453
1005638,33.659868,-84.257694,GAO20220420t151850p0000-A,3559.1293,722.738898
1002478,33.237823,-84.120631,GAO20220420t153455p0000-A,,
1010392,33.1776936,-84.848247,GAO20220420t154819p0000-A,,
1006790,33.6064817,-86.522522,GAO20220420t162228p0000-A,,
1004014,33.716204,-86.857003,GAO20220420t163428p0000-A,2559.81466,720.022569
1004014,33.718414,-86.859086,GAO20220422t145057p0000-A,3842.80405,1621.84447
1002646,33.7111664,-87.059066,GAO20220422t145505p0000-A,,
1004256,33.99767,-85.177389,GAO20220423t144326p0000-A,4634.83181,1309.87793
1004256,33.995803,-85.178308,GAO20220423t144326p0000-B,2683.58722,1043.67888
1006328,34.278408,-84.394606,GAO20220423t145824p0000-A,,
1006328,34.277916,-84.391508,GAO20220423t145824p0000-B,,
1006328,34.274359,-84.391185,GAO20220423t145824p0000-C,1705.62898,758.725027
1003710,34.328778,-84.24369,GAO20220423t150112p0000-B,,
1004487,34.135555,-84.03766,GAO20220423t150922p0000-B,3205.07686,1826.88827
1006044,39.8511886,-104.75729,GAO20210722t153023p0000-A,23.8251836,8.69387573
1005638,33.657987,-84.25611,GAO20220423t152533p0000-A,1977.19943,739.452675
1002478,33.240265,-84.121897,GAO20220423t154203p0000-A,3571.42681,1517.23299
1006790,33.60347,-86.521941,GAO20220423t162639p0000-A,1506.96823,383.976106
1004014,33.71666,-86.858769,GAO20220423t164438p0000-C,4153.40654,1394.27246
1007082,33.18562,-86.698219,GAO20220423t165615p0000-A,,
1004487,34.135435,-84.037699,GAO20220425t151201p0000-A,1952.90428,680.66005
1004487,34.136976,-84.034457,GAO20220425t151201p0000-B,1944.3611,916.4201
1004487,34.135219,-84.03704,GAO20220425t151656p0000-B,1919.26794,611.969337
1004487,34.1377,-84.038589,GAO20220425t151656p0000-C,,
1005638,33.658484,-84.257348,GAO20220425t153114p0000-A,1998.69152,751.798925
1005638,33.660368,-84.255982,GAO20220425t153114p0000-B,3122.21744,1582.82666
1002478,33.237053,-84.116976,GAO20220425t154813p0000-A,2356.21251,786.162699
1004256,33.996324,-85.178355,GAO20220425t161927p0000-A,3002.28988,793.862134
1006790,33.605171,-86.519297,GAO20220425t172418p0000-B,,
1002478,33.235213,-84.117858,GAO20220427t151110p0000-B,,
1005638,33.662517,-84.259379,GAO20220427t152631p0000-A,997.965898,352.867705
1004487,34.136242,-84.039531,GAO20220427t154512p0000-A,3385.96675,1518.39637
1003710,34.329013,-84.243224,GAO20220427t155448p0000-A,,
1003710,34.330252,-84.245359,GAO20220427t155448p0000-B,883.306153,599.146945
1006328,34.277672,-84.391611,GAO20220427t155812p0000-A,906.962782,552.677701
1006328,34.274024,-84.391304,GAO20220427t155812p0000-B,1701.06626,1097.34164
1004256,33.996632,-85.177973,GAO20220427t161302p0000-A,1711.95843,341.593443
1004256,33.994301,-85.176268,GAO20220427t161302p0000-B,1564.56397,368.787445
1006790,33.603382,-86.522151,GAO20220427t171548p0000-A,2339.43833,486.189676
1004014,33.713443,-86.85814,GAO20220427t172907p0000-A,3686.57258,895.299633
1002646,33.708199,-87.058978,GAO20220427t173434p0000-A,2429.94664,525.606279
1002646,33.709812,-87.057043,GAO20220427t173434p0000-B,1449.18617,524.074861
1007082,33.18504,-86.698149,GAO20220427t175123p0000-A,980.673247,306.883862
1007082,33.182215,-86.696944,GAO20220427t175123p0000-B,,
1004245,33.245204,-87.652852,GAO20220428t172238p0000-A,893.607116,211.46391
1007082,33.184763,-86.697575,GAO20220428t174036p0000-A,,
1002646,33.708983,-87.058095,GAO20220429t170705p0000-A,,
1004014,33.715211,-86.856396,GAO20220429t173419p0000-A,1735.36343,731.344621
1005493,30.6045335,-91.23648,GAO20220506t163853p0000-A,,
1005493,30.6041094,-91.23083,GAO20220506t163853p0000-B,,
1005493,30.602739,-91.231783,GAO20220506t163853p0000-C,2655.92736,1017.34922
1005493,30.6017089,-91.2331,GAO20220506t163853p0000-D,,
1005493,30.602415,-91.233115,GAO20220506t164919p0000-B,,
1005493,30.604018,-91.235258,GAO20220506t173302p0000-A,,
1005493,30.604058,-91.230818,GAO20220506t173302p0000-B,,
1005493,30.6022861,-91.233747,GAO20220506t173302p0000-C,,
1005493,30.601371,-91.230779,GAO20220506t173302p0000-D,,
1007801,35.499334,-97.412169,GAO20220616t165635p0000-B,,
1007801,35.499421,-97.412319,GAO20220616t170133p0000-A,,
1007801,35.503848,-97.409076,GAO20220616t170133p0000-B,,
1002276,40.818272,-82.872506,GAO20220720t140540p0000-A,,
1004850,40.972769,-82.482489,GAO20220720t141304p0000-A,,
1007969,41.310718,-82.170058,GAO20220720t143028p0000-A,,
1007969,41.306695,-82.168577,GAO20220721t140940p0000-A,5024.4752,1741.17649
1006103,41.343552,-82.596305,GAO20220721t141928p0000-A,,
1003582,42.261683,-83.431114,GAO20220721t144724p0000-A,4442.52079,1219.48753
1003582,42.262308,-83.433222,GAO20220721t144724p0000-B,,
1007745,42.756221,-82.74708,GAO20220721t150946p0000-A,,
1006777,40.427485,-80.916771,GAO20220722t144241p0000-B,,
1006777,40.427275,-80.914069,GAO20220722t144241p0000-C,,
1006777,40.429243,-80.911443,GAO20220722t144241p0000-D,,
1006777,40.4274362,-80.916921,GAO20220722t144822p0000-A,,
1006777,40.428387,-80.912598,GAO20220722t144822p0000-B,,
1004815,39.133561,-82.476506,GAO20220722t152704p0000-B,,
1004815,39.136196,-82.474186,GAO20220722t152704p0000-E,,
1006383,39.082421,-82.956074,GAO20220722t153736p0000-A,3608.49224,1061.83012
1004856,39.269993,-84.600287,GAO20220722t161649p0000-A,,
1004856,39.2680632,-84.598521,GAO20220722t161649p0000-B,,
1004856,39.2694234,-84.5972,GAO20220722t161649p0000-C,,
1004856,39.271581,-84.598301,GAO20220722t161649p0000-E,,
1002107,33.719523,-117.697688,ang20220916t210907-A,78.71173917,35.53320429
1004118,34.977474,-78.461023,ang20220923t154354-A,4686.220194,1914.16389
1004118,34.977501,-78.461035,ang20220923t160034-A,,
1003481,34.792499,-78.912928,ang20220924t173536-A,336.4879189,156.0733222
1003099,35.338597,-80.65685,ang20220926t150209-A,1619.578759,669.287871
1003099,35.348774,-80.662871,ang20220926t150209-B,741.4346946,281.6389666
1004831,35.339301,-79.968115,ang20220926t152458-A,1687.1834,741.192551
1002236,35.010412,-80.16051,ang20220926t153257-A,524.6915665,312.4107281
1002236,35.007082,-80.16475,ang20220926t153257-B,1443.238366,867.316066
1003481,34.792158,-78.90997,ang20220926t163717-A,687.990226,262.184277
1004831,35.340792,-79.970014,ang20220927t162434-A,,
1004831,35.340101,-79.964417,ang20220927t162434-C,,
1002236,35.012531,-80.161765,ang20220927t163130-A,1804.49587,757.784529
1003099,35.340857,-80.65764,ang20220927t164918-B,1453.417505,435.6664933
1007044,35.914582,-81.596468,ang20220927t173614-A,763.8715427,336.7712996
1004848,36.598554,-82.147116,ang20220927t175402-A,1438.536476,404.9098808
1007044,35.920072,-81.594986,ang20221008t150226-A,598.073474,444.288435
1003099,35.338855,-80.660344,ang20221008t153949-A,4730.342965,883.6932834
1002236,35.01001,-80.163996,ang20221008t155515-A,,
1004831,35.335675,-79.96604,ang20221008t160111-A,,
1003544,38.405684,-82.018927,ang20221014t151908-A,1565.271108,285.1153635
1004483,38.395593,-82.814155,ang20221014t155133-A,,
1003104,40.147615,-80.639594,ang20221016t175950-A,,
1003104,40.148031,-80.642277,ang20221016t175950-B,,
1001844,39.894881,-79.836115,ang20221024t154032-A,985.0358638,290.2501633
1003102,40.994604,-80.534108,GAO20220909t151553p0000-A,2540.589719,771.8211333
1003102,40.994487,-80.529824,GAO20220909t151553p0000-B,2097.719738,754.4586241
1003102,40.994383,-80.530948,GAO20220909t152319p0000-B,2250.085822,901.524272
1003102,40.992753,-80.534009,GAO20220909t152319p0000-A,2429.588747,595.4532073
1003102,40.994552,-80.530825,GAO20220909t153100p0000-B,1494.0801,738.6804346
1003102,40.993251,-80.530494,GAO20220909t153905p0000-A,2676.737187,989.4905385
1006777,40.428261,-80.913429,GAO20220909t155512p0000-C,,
1006777,40.430166,-80.920844,GAO20220909t155512p0000-A,,
1006777,40.427475,-80.918203,GAO20220909t155512p0000-B,,
1004399,40.496422,-81.519136,GAO20220909t160426p0000-A,2811.75507,625.9016761
1004399,40.495616,-81.519929,GAO20220909t160928p0000-A,2618.444478,749.4546809
1006777,40.427931,-80.919901,GAO20220909t161902p0000-A,,
1006777,40.42818,-80.913542,GAO20220909t161902p0000-B,,
1006777,40.428169,-80.913507,GAO20220909t162622p0000-B,,
1006777,40.427767,-80.919309,GAO20220909t162622p0000-A,,
1004399,40.495864,-81.520508,GAO20220909t163537p0000-A,2449.452028,693.9639286
1004399,40.495585,-81.519697,GAO20220909t164038p0000-A,1752.222147,716.8455719
1006777,40.427464,-80.916116,GAO20220909t165024p0000-C,,
1006777,40.427962,-80.920005,GAO20220909t165024p0000-A,,
1006777,40.427621,-80.917808,GAO20220909t165024p0000-B,,
1004399,40.497085,-81.523244,GAO20220909t170347p0000-B,4632.051371,1291.857326
1004399,40.49856,-81.521592,GAO20220909t170347p0000-A,4074.812539,1177.155347
1004399,40.49555,-81.518868,GAO20220909t170908p0000-B,1270.900229,436.0283197
1004399,40.498616,-81.521442,GAO20220909t170908p0000-A,2495.592501,628.3585348
1004399,40.495475,-81.518555,GAO20220909t171414p0000-A,1103.390517,517.5620969
1004399,40.496905,-81.521253,GAO20220909t171414p0000-B,2224.447044,563.8513776
1007969,41.312109,-82.169583,GAO20220909t173206p0000-B,982.5172013,466.3300271
1007969,41.305732,-82.169299,GAO20220909t173206p0000-A,575.010393,227.7289188
1007969,41.30942,-82.171501,GAO20220909t180951p0000-A,2349.736024,1235.905674
1007969,41.307536,-82.173778,GAO20220909t180951p0000-B,1212.473919,790.3681822
1007969,41.306076,-82.169536,GAO20220909t181502p0000-A,556.491303,268.8844115
1007969,41.310489,-82.169656,GAO20220909t181502p0000-C,864.725997,655.1470432
1007969,41.307568,-82.17377,GAO20220909t181502p0000-D,1466.925053,891.1800148
1007969,41.310141,-82.174233,GAO20220909t181502p0000-B,3091.280069,1290.024981
1007969,41.306119,-82.169693,GAO20220909t182005p0000-A,1389.580863,553.3725753
1007969,41.310023,-82.17125,GAO20220909t182005p0000-B,1917.374673,895.7366281
1007969,41.307669,-82.173751,GAO20220909t182005p0000-D,1616.873442,820.7087192
1007969,41.30721,-82.171316,GAO20220909t182005p0000-C,1667.497913,960.8620584
1007969,41.309609,-82.171758,GAO20220909t182541p0000-A,2641.345213,1297.090726
1007969,41.306606,-82.17441,GAO20220909t182541p0000-B,782.7247089,382.4729705
1007969,41.309711,-82.170371,GAO20220909t183059p0000-A,1830.489693,774.1355286
1002276,40.817592,-82.871458,GAO20220915t150742p0000-B,,
1002276,40.819348,-82.872907,GAO20220915t150742p0000-A,,
1004850,40.972807,-82.482681,GAO20220915t151548p0000-B,,
1004850,40.96459,-82.486661,GAO20220915t151548p0000-A,,
1007745,42.762651,-82.740641,GAO20220915t160032p0000-A,,
1007745,42.759293,-82.737516,GAO20220915t160032p0000-B,,
1007745,42.76334,-82.745423,GAO20220915t160625p0000-A,,
1007745,42.76208,-82.74032,GAO20220915t161125p0000-A,,
1004497,42.906432,-82.593737,GAO20220915t161627p0000-A,1686.766523,694.6028341
1004497,42.905561,-82.5944,GAO20220915t162206p0000-A,1353.507543,686.9469062
1004497,42.904351,-82.592939,GAO20220915t162206p0000-B,1251.461676,522.1449524
1004497,42.905104,-82.596638,GAO20220915t162731p0000-A,1378.165535,583.555395
1004497,42.903434,-82.594897,GAO20220915t162731p0000-B,,
1004850,40.971255,-82.48513,GAO20220915t170925p0000-C,,
1004850,40.972156,-82.481701,GAO20220915t170925p0000-A,,
1004850,40.966152,-82.48534,GAO20220915t170925p0000-B,,
1003601,42.159317,-83.212189,GAO20220917t165141p0001-A,,
1003601,42.161458,-83.213689,GAO20220917t165141p0002-B,,
1003601,42.159921,-83.207826,GAO20220917t165141p0002-A,,
1003601,42.160882,-83.211666,GAO20220917t170029p0000-A,,
1003686,42.707981,-83.246804,GAO20220917t171035p0000-A,1356.50217,320.8852776
1003686,42.705797,-83.245752,GAO20220917t171600p0000-A,1018.068269,334.7487827
1003686,42.706996,-83.247838,GAO20220917t172040p0000-A,754.4798112,239.2557978
1003582,42.261916,-83.433171,GAO20220917t174255p0000-A,1074.384404,134.4762628
1002646,33.709397,-87.057447,GAO20220920t160303p0000-A,1776.45303,469.1705441
1002646,33.709236,-87.057454,GAO20220920t160817p0000-A,1339.87678,572.9003942
1004014,33.713026,-86.857028,GAO20220920t161247p0000-B,4095.191783,1122.284741
1004014,33.716403,-86.857675,GAO20220920t161626p0000-A,2417.308771,683.2600449
1006790,33.603734,-86.518331,GAO20220920t162542p0000-A,,
1006790,33.603703,-86.518595,GAO20220920t163209p0000-A,,
1002646,33.708189,-87.057105,GAO20220920t164419p0000-A,1045.400187,297.3246398
1002646,33.711352,-87.057483,GAO20220920t164828p0000-A,2386.785146,645.9687722
1002646,33.709455,-87.057443,GAO20220920t165303p0000-A,2730.678757,964.2872859
1002646,33.708504,-87.056707,GAO20220920t165827p0000-A,2432.469972,748.0934497
1004014,33.715237,-86.856394,GAO20220920t170341p0000-A,2254.820151,544.0157569
1004014,33.715648,-86.858149,GAO20220920t170827p0000-A,1504.34718,682.7143819
1004014,33.715393,-86.85896,GAO20220920t171237p0000-A,2189.740987,840.9802532
1004014,33.713619,-86.856966,GAO20220920t171720p0000-A,2434.783159,733.5920587
1007082,33.18133,-86.695316,GAO20220920t172819p0000-A,,
1007082,33.184731,-86.6965,GAO20220920t173220p0000-A,,
1006790,33.603851,-86.519112,GAO20220920t174733p0000-A,,
1007082,33.183466,-86.696358,GAO20220920t180142p0000-A,,
1004245,33.241848,-87.652027,GAO20220921t162035p0000-A,646.5351638,299.7016229
1004245,33.245218,-87.65277,GAO20220921t162828p0000-A,1164.079781,440.2616589
1002646,33.70768,-87.057586,GAO20220921t164246p0000-A,,
1002646,33.708083,-87.058378,GAO20220921t164614p0000-A,,
1004014,33.716306,-86.857447,GAO20220921t165030p0000-B,,
1004014,33.713413,-86.85816,GAO20220921t165030p0000-A,,
1004014,33.715778,-86.860049,GAO20220921t165433p0000-A,,
1006790,33.604852,-86.522075,GAO20220921t170238p0000-A,,
1004256,33.998748,-85.177893,GAO20220921t172513p0000-A,,
1004256,33.995948,-85.178539,GAO20220921t172513p0000-B,,
1006790,33.604548,-86.522284,GAO20220921t175322p0000-A,,
1004256,33.99634,-85.173937,GAO20220922t151910p0000-A,,
1006328,34.274963,-84.391929,GAO20220922t153245p0000-A,,
1003710,34.329042,-84.24309,GAO20220922t153602p0000-A,,
1004487,34.135249,-84.035906,GAO20220922t154219p0000-B,,
1005638,33.657472,-84.25902,GAO20220922t160143p0000-B,,
1005638,33.661015,-84.2561,GAO20220922t160143p0000-A,,
1002478,33.235072,-84.119763,GAO20220922t162053p0000-A,,
1010392,33.175584,-84.845261,GAO20220922t163326p0000-A,,
1004256,33.996208,-85.177949,GAO20220922t165307p0000-A,,
1006328,34.272742,-84.391397,GAO20220922t171114p0000-A,,
1004487,34.135483,-84.038798,GAO20220922t172030p0000-A,,
1002646,33.710093,-87.057995,GAO20220923t160943p0000-A,,
1004014,33.714581,-86.856886,GAO20220923t182706p0000-A,,
1010392,33.17556,-84.845938,GAO20220926t151920p0000-A,,
1002478,33.234373,-84.117676,GAO20220926t152856p0000-A,,
1002478,33.229398,-84.115699,GAO20220926t152856p0000-B,,
1005638,33.657125,-84.255572,GAO20220926t154545p0000-B,,
1005638,33.661287,-84.256231,GAO20220926t154545p0000-A,,
1004487,34.136187,-84.035814,GAO20220926t160910p0000-A,3594.674526,672.1847232
1004487,34.135219,-84.040237,GAO20220926t160910p0000-C,3776.484829,820.6182982
1004487,34.134131,-84.033586,GAO20220926t160910p0000-B,4750.900474,866.4572605
1006328,34.272881,-84.392206,GAO20220926t162231p0000-A,2831.301751,859.9912707
1004256,33.996175,-85.175009,GAO20220926t163946p0000-A,,
1004256,33.99667,-85.176528,GAO20220926t164548p0000-A,,
1004256,33.997147,-85.177325,GAO20220926t165210p0000-A,,
1004256,33.996012,-85.178233,GAO20220926t165928p0000-A,,
1004256,33.996522,-85.177276,GAO20220926t171727p0000-A,,
1006328,34.274786,-84.392792,GAO20220926t173500p0000-A,2352.182586,556.695366
1006328,34.276264,-84.391017,GAO20220926t174545p0000-A,2799.059034,462.0708739
1006328,34.276264,-84.391017,GAO20220926t175339p0000-B,2452.953535,379.0997949
1006328,34.274249,-84.393466,GAO20220926t175339p0000-A,2722.413424,436.5306491
1004487,34.135496,-84.039954,GAO20220926t180313p0000-A,2830.286026,503.7563918
1004487,34.135513,-84.039863,GAO20220926t180808p0000-A,2403.578382,520.1915955
1006328,34.273787,-84.392341,GAO20220926t182212p0000-A,4407.666835,345.99963
1010392,33.175937,-84.846799,GAO20220927t170632p0000-B,,
1010392,33.171795,-84.835716,GAO20220927t170632p0000-A,,
1010392,33.174218,-84.846408,GAO20220927t171115p0000-A,,
1010392,33.176464,-84.847188,GAO20220927t171701p0000-B,,
1002478,33.236422,-84.116104,GAO20220927t174614p0000-A,4380.601493,508.2735529
1002478,33.234674,-84.117187,GAO20220927t175651p0000-A,4857.1388,828.6182649
1002478,33.235091,-84.12009,GAO20220927t180235p0000-C,1274.233251,292.9235735
1002478,33.234902,-84.116347,GAO20220927t180235p0000-A,5276.747286,1026.431567
1002478,33.235916,-84.11597,GAO20220927t180801p0000-A,4221.055703,562.2957517
1002478,33.234398,-84.116328,GAO20220927t181408p0000-A,3473.597063,991.6265376
1002478,33.235607,-84.117335,GAO20220927t182037p0000-A,4182.903806,1113.770342
1002478,33.235795,-84.119232,GAO20220927t182625p0000-A,2439.468932,630.6708066
1005638,33.660949,-84.257198,GAO20220927t183935p0000-A,,
1004256,33.996655,-85.177912,GAO20220927t191520p0000-A,3642.008244,898.8327944
1004256,33.996791,-85.177399,GAO20220927t192115p0000-A,2455.222192,656.9721446
1004487,34.136619,-84.038375,GAO20220927t194240p0000-B,2822.430754,437.706181
1004487,34.136192,-84.04115,GAO20220927t194240p0000-A,2193.37199,438.5891257
1004487,34.135976,-84.040657,GAO20220927t194912p0000-A,4509.012923,544.5306699
1004256,33.996478,-85.177919,GAO20220927t201738p0000-A,3735.754516,982.3409113
1001633,33.682721,-86.253351,GAO20220928t162844p0000-A,1156.094737,257.7425521
1006790,33.603172,-86.521498,GAO20220928t164641p0000-A,,
1006790,33.60341,-86.521759,GAO20220928t165119p0000-A,,
1006790,33.603319,-86.51999,GAO20220928t165807p0000-A,,
1006790,33.603053,-86.520325,GAO20220928t170324p0000-A,,
1006790,33.603056,-86.522001,GAO20220928t170821p0000-A,,
1007082,33.179583,-86.697121,GAO20220928t172257p0000-A,,
1004245,33.241977,-87.653378,GAO20220928t182922p0000-A,,
1002646,33.707717,-87.057419,GAO20220928t193622p0000-A,,
1002646,33.707679,-87.057591,GAO20220928t195023p0000-A,,
1002646,33.707676,-87.057568,GAO20220928t195526p0000-A,,
1004014,33.713585,-86.85739,GAO20220928t200357p0000-B,,
1004014,33.715151,-86.859135,GAO20220928t200357p0000-A,,
1004014,33.713937,-86.857503,GAO20220928t200806p0000-A,,
1004014,33.715528,-86.856635,GAO20220928t201225p0000-B,,
1004014,33.713921,-86.858803,GAO20220928t201225p0000-A,,
1004014,33.713984,-86.857702,GAO20220928t201644p0000-B,,
1004014,33.71509,-86.859032,GAO20220928t202112p0000-A,,
1006790,33.603245,-86.519867,GAO20220929t170024p0000-A,,
1006790,33.603111,-86.520192,GAO20220929t170540p0000-A,,
1006790,33.603122,-86.522179,GAO20220929t171047p0000-A,,
1006790,33.603039,-86.520737,GAO20220929t171556p0000-A,,
1004014,33.714102,-86.859075,GAO20220929t172713p0000-A,,
1004014,33.713521,-86.858376,GAO20220929t173121p0000-A,,
1004014,33.714605,-86.85879,GAO20220929t173704p0000-A,,
1004014,33.714508,-86.858685,GAO20220929t174042p0000-A,,
1004014,33.713605,-86.858072,GAO20220929t174523p0000-A,,
1002646,33.709166,-87.05738,GAO20220929t181024p0000-A,,
1002646,33.709807,-87.059915,GAO20220929t181443p0000-A,,
1002646,33.709229,-87.058397,GAO20220929t181853p0000-A,,
1002646,33.709405,-87.057328,GAO20220929t182304p0000-A,,
1002646,33.709447,-87.057456,GAO20220929t182657p0000-A,,
1002646,33.709489,-87.057469,GAO20220929t183855p0000-A,,
1004245,33.242003,-87.651474,GAO20220929t190534p0000-A,,
1004245,33.242111,-87.652196,GAO20220929t191658p0000-A,,
1004245,33.241872,-87.65211,GAO20220929t192117p0000-A,,
1007082,33.181809,-86.696896,GAO20220929t193845p0000-A,,
1007082,33.181924,-86.697087,GAO20220929t194331p0000-A,,
1007082,33.182065,-86.696982,GAO20220929t194731p0000-A,,
1007082,33.18204,-86.696942,GAO20220929t195146p0000-A,,
1003732,43.211151,-78.974016,GAO20221005t151743p0000-A,2694.57696,1200.13118
1005257,42.853732,-77.079132,GAO20221005t162241p0000-A,,
